study_id,breed,dmi_kg,cp_g_kg,ndf_g_kg,adf_g_kg,ee_g_kg,forage_pct,body_weight_kg,milk_yield_kg,additive_type,additive_dose,ch4_g_kg_dmi,ch4_g_day
S100,Holstein,11.6,223.1,597.5,378.0,43.9,76.2,512.6,17.6,seaweed,0.51,20.4,236.7
S101,Holstein,12.96,144.7,309.6,148.0,,92.3,485.2,35.9,none,0.0,18.59,240.9
S102,Holstein,17.04,242.9,700.9,410.4,,91.7,656.2,35.3,tannin,2.12,22.36,381.1
S103,Jersey,17.17,205.2,498.6,305.6,55.7,64.9,720.3,16.9,nitrate,1.2,21.18,363.6
S104,Crossbred,15.33,64.0,179.1,89.0,52.2,92.8,546.5,28.0,3-NOP,2.33,15.58,238.8
S105,Jersey,11.07,270.3,191.2,96.6,,41.7,495.8,10.2,other,0.6,19.43,215.1
S106,Crossbred,10.14,220.1,566.4,364.1,,0.4,440.8,26.1,lipid,1.82,19.08,193.5
S107,Jersey,16.46,225.9,211.1,106.2,31.9,6.3,560.4,3.7,none,0.0,16.69,274.9
S108,Crossbred,15.2,72.0,439.5,235.6,33.2,10.9,556.0,19.6,nitrate,1.42,17.45,265.4
S109,Other,12.86,147.4,770.4,413.3,57.3,9.5,535.9,8.2,tannin,1.76,20.58,264.7
S110,Holstein,15.14,128.8,95.7,47.9,,35.2,588.3,,seaweed,1.04,14.47,219.0
S111,Holstein,15.2,258.9,104.3,63.1,,70.1,598.7,20.0,seaweed,1.9,14.57,221.5
S112,Holstein,10.74,192.7,771.3,,36.7,79.1,594.4,26.6,lipid,2.28,22.67,243.5
S113,Jersey,12.54,234.5,492.3,258.8,,59.0,556.0,16.2,tannin,1.79,18.92,237.3
S114,Holstein,12.65,145.8,179.7,110.9,,14.6,508.9,13.0,seaweed,2.35,16.3,206.1
S115,Holstein,14.84,95.2,705.9,347.7,24.3,74.8,614.9,9.1,none,0.0,21.74,322.6
S116,Crossbred,14.76,171.8,694.3,313.0,29.5,35.5,575.8,41.0,3-NOP,1.49,20.46,302.0
S117,Other,17.4,56.9,459.2,259.1,,1.3,628.3,36.0,lipid,0.83,18.56,322.9
S118,Holstein,15.08,235.7,517.7,,22.7,28.1,622.4,6.0,nitrate,1.8,21.02,316.9
S119,Holstein,10.66,189.8,279.6,128.0,57.3,33.1,489.7,33.6,none,0.0,18.05,192.3
S120,Holstein,12.71,219.4,127.5,62.7,,27.4,488.9,18.8,lipid,1.65,15.9,202.1
S121,Holstein,12.75,125.0,499.1,276.4,27.9,81.2,529.7,0.7,nitrate,0.66,18.89,240.9
S122,Crossbred,12.56,269.1,294.3,180.1,50.6,76.0,511.6,23.8,seaweed,1.41,16.58,208.2
S123,Jersey,15.07,251.0,546.3,,23.9,69.6,620.3,5.9,none,0.0,19.47,293.4
S124,Holstein,18.26,224.1,664.2,,56.0,13.9,596.1,9.4,seaweed,2.35,21.86,399.2
S125,Holstein,12.66,87.5,105.4,63.2,49.0,80.8,641.0,31.3,none,0.0,17.4,220.4
S126,Holstein,14.39,151.2,499.9,262.1,,67.7,598.8,11.6,none,0.0,19.48,280.3
S127,Holstein,14.68,52.3,251.0,122.4,47.7,19.5,587.5,40.1,tannin,1.09,16.49,242.2
S128,Holstein,15.0,78.1,689.9,337.4,45.3,64.8,647.0,29.6,lipid,0.4,21.34,320.2
S129,Jersey,16.43,201.8,266.3,141.6,,48.4,603.2,37.5,3-NOP,2.45,16.09,264.3
S130,Holstein,15.7,216.3,510.2,278.5,53.1,43.9,579.1,27.7,lipid,1.12,20.7,324.9
S131,Crossbred,16.52,268.4,471.1,293.2,48.7,11.2,663.8,39.1,lipid,1.38,18.9,312.2
S132,Holstein,14.14,118.2,363.6,210.3,43.4,51.8,581.9,16.3,none,0.0,21.41,302.8
S133,Crossbred,13.75,128.7,555.8,326.9,32.9,10.0,556.7,24.7,none,0.0,21.71,298.5
S134,Holstein,12.96,151.9,588.7,380.7,47.9,16.4,524.7,0.0,tannin,2.46,21.91,284.0
S135,Holstein,15.31,86.3,480.2,255.7,58.3,13.3,617.2,0.0,nitrate,1.27,20.12,308.0
S136,Crossbred,15.95,72.4,611.0,324.2,43.5,95.4,649.2,7.4,3-NOP,0.12,21.5,342.9
S137,Jersey,14.68,153.3,764.7,485.3,46.6,28.5,572.0,26.0,tannin,0.68,23.21,340.7
S138,Holstein,17.47,95.1,379.4,,37.5,35.5,653.5,33.9,tannin,2.45,18.11,316.4
S139,Holstein,9.57,198.7,444.5,264.9,50.2,32.2,456.8,16.7,nitrate,2.47,21.01,201.2
S140,Crossbred,12.72,144.3,101.5,61.0,59.9,89.8,571.7,39.0,nitrate,0.61,17.26,219.4
S141,Other,11.69,236.8,636.7,299.0,26.4,56.3,572.6,16.8,none,0.0,22.03,257.5
S142,Jersey,14.58,205.9,448.3,243.7,28.1,91.9,531.4,7.8,none,0.0,20.51,299.2
S143,Holstein,18.33,115.1,371.6,182.1,41.6,30.0,718.0,26.3,none,0.0,20.75,380.4
S144,Holstein,15.03,236.7,157.3,,39.3,11.5,571.0,18.9,lipid,0.4,14.48,217.7
S145,Holstein,11.62,230.3,700.6,,,55.6,550.5,0.7,lipid,2.06,24.34,282.8
S146,Holstein,17.09,132.7,362.8,184.3,,34.6,576.6,,nitrate,2.35,18.07,308.8
S147,Jersey,10.46,109.5,559.2,340.7,36.2,80.2,454.8,8.8,none,0.0,19.61,205.0
S148,Crossbred,13.49,201.7,195.0,123.2,43.3,87.9,529.4,0.0,seaweed,1.21,16.32,220.1
S149,Holstein,17.13,74.7,749.7,457.7,43.4,47.3,634.0,40.1,none,0.0,20.73,355.1
S150,Crossbred,11.95,88.8,214.9,108.1,,97.1,537.3,24.6,3-NOP,0.91,18.62,222.5
S151,Crossbred,12.31,43.7,229.3,115.8,,55.3,525.3,4.8,none,0.0,16.38,201.6
S152,Crossbred,16.61,226.1,679.7,340.5,,27.1,653.6,24.0,nitrate,0.73,21.8,362.0
S153,Holstein,20.67,197.6,716.3,,51.6,48.9,655.4,38.5,none,0.0,23.76,491.1
S154,Holstein,15.6,207.0,237.9,152.0,,3.7,606.0,33.7,tannin,0.21,16.1,251.3
S155,Holstein,16.1,224.7,413.9,219.5,41.5,80.4,547.7,0.0,other,2.16,19.41,312.6
S156,Holstein,15.82,149.4,594.0,294.0,,10.1,560.6,5.6,tannin,0.29,18.99,300.6
S157,Holstein,13.72,175.1,692.9,429.2,24.0,30.9,526.8,40.5,none,0.0,21.43,294.0
S158,Holstein,11.4,74.7,351.9,186.4,30.9,56.5,515.3,38.4,lipid,1.19,21.84,248.9
S159,Holstein,14.4,68.8,446.1,,41.1,4.3,512.3,2.4,tannin,2.34,19.68,283.3
S160,Holstein,11.2,198.4,599.6,289.2,54.9,7.9,537.9,37.1,3-NOP,0.58,20.12,225.4
S161,Other,15.22,152.2,592.4,342.3,,69.6,512.9,4.4,tannin,0.53,20.67,314.7
S162,Crossbred,12.33,174.3,627.8,380.8,23.6,7.2,481.2,2.8,lipid,1.9,20.64,254.5
S163,Holstein,10.73,221.0,482.3,237.4,43.7,47.7,588.2,34.1,seaweed,1.84,19.37,207.8
S164,Other,14.22,190.5,164.5,104.2,,33.9,589.1,24.1,seaweed,1.78,15.35,218.2
S165,Holstein,17.91,171.5,710.4,,49.4,22.8,677.0,0.0,3-NOP,0.16,22.53,403.5
S166,Holstein,13.02,172.9,684.2,424.0,53.1,18.9,534.9,40.7,none,0.0,20.48,266.6
S167,Crossbred,15.89,113.1,638.1,316.2,43.7,76.3,592.8,0.0,nitrate,2.12,20.56,326.7
S168,Holstein,13.57,49.2,161.2,,43.7,95.2,593.8,2.6,none,0.0,17.98,244.0
S169,Holstein,12.04,144.2,232.6,145.0,33.5,14.0,559.8,27.7,3-NOP,1.55,15.17,182.6
S170,Holstein,15.38,92.2,600.9,307.1,37.9,96.0,619.7,34.8,3-NOP,0.81,22.58,347.4
S171,Holstein,15.59,137.6,108.8,62.4,,59.5,621.5,0.0,none,0.0,16.46,256.6
S172,Jersey,14.34,241.7,761.8,458.6,,64.2,594.6,44.2,3-NOP,2.37,20.18,289.4
S173,Holstein,15.83,96.7,350.6,166.8,,71.0,559.7,30.9,tannin,1.85,18.98,300.5
S174,Holstein,12.56,55.6,584.3,354.2,34.7,70.4,553.5,0.0,none,0.0,19.38,243.4
S175,Holstein,12.79,107.8,699.2,445.9,22.0,82.0,492.9,8.9,none,0.0,23.55,301.3
S176,Holstein,13.27,110.7,362.5,216.0,,48.3,526.6,37.2,lipid,1.5,18.4,244.2
S177,Holstein,11.11,196.9,311.0,167.4,27.7,53.3,537.7,44.9,other,0.9,20.59,228.6
S178,Crossbred,10.71,172.3,508.8,318.2,,32.4,507.6,4.4,3-NOP,1.05,21.04,225.4
S179,Crossbred,15.05,225.4,489.8,272.1,57.8,10.5,601.4,4.5,none,0.0,18.28,275.2
S180,Holstein,19.14,197.4,372.4,223.1,,66.5,646.8,34.4,none,0.0,16.8,321.5
S181,Crossbred,13.88,137.1,504.0,309.5,29.4,3.4,520.5,2.9,none,0.0,18.68,259.4
S182,Holstein,12.21,232.5,731.9,439.0,24.2,27.6,592.0,0.0,3-NOP,1.81,20.23,247.0
S183,Holstein,8.16,81.1,412.4,209.3,33.5,9.4,513.0,40.0,lipid,0.57,20.9,170.5
S184,Holstein,15.02,47.3,227.4,107.7,,19.1,556.7,36.0,nitrate,2.37,16.69,250.7
S185,Holstein,13.2,63.1,350.6,174.5,35.3,63.9,533.6,39.7,none,0.0,20.08,265.0
S186,Crossbred,16.99,211.0,362.2,199.4,50.9,62.8,611.1,29.3,other,1.11,18.67,317.1
S187,Other,12.04,150.1,182.5,100.6,,42.1,534.3,,3-NOP,1.78,16.21,195.1
S188,Holstein,16.42,79.7,204.2,115.7,24.4,9.0,635.7,40.8,none,0.0,16.64,273.2
S189,Holstein,15.28,159.2,560.6,296.5,,43.3,560.3,0.0,3-NOP,1.16,21.74,332.0
S190,Jersey,12.73,77.6,324.9,,,35.3,536.0,12.4,none,0.0,18.65,237.4
S191,Holstein,11.86,204.9,745.2,471.4,36.1,72.0,499.8,39.9,lipid,2.27,21.54,255.3
S192,Holstein,14.79,146.4,259.4,129.5,,57.9,590.2,30.6,3-NOP,2.02,19.3,285.5
S193,Other,16.53,131.2,160.6,95.9,56.9,49.2,628.7,0.0,tannin,2.08,16.24,268.5
S194,Crossbred,14.76,112.6,607.6,,55.3,48.7,591.4,7.0,3-NOP,0.72,20.54,303.3
S195,Other,19.19,189.5,694.7,385.3,,96.6,709.3,42.9,lipid,1.11,19.39,372.2
S196,Holstein,15.83,126.7,283.0,138.0,,75.6,660.8,0.0,tannin,1.43,19.05,301.6
S197,Holstein,11.92,62.5,231.0,140.7,28.5,49.7,556.5,,seaweed,0.21,17.58,209.6
S198,Holstein,16.86,69.6,219.9,141.2,52.8,47.9,555.9,41.1,none,0.0,17.54,295.7
S199,Other,14.17,267.1,449.5,267.2,39.9,2.6,603.2,17.1,lipid,0.88,18.46,261.7
S200,Holstein,12.27,254.6,412.9,261.6,21.4,94.3,524.7,32.4,seaweed,0.78,19.0,233.1
S201,Holstein,16.03,205.7,270.2,174.8,47.3,31.9,645.0,28.8,none,0.0,17.24,276.2
S202,Holstein,15.02,104.2,123.9,64.5,58.0,25.6,596.7,35.4,lipid,0.78,16.6,249.3
S203,Crossbred,14.18,268.8,421.9,243.7,,99.9,590.4,40.4,none,0.0,20.98,297.6
S204,Crossbred,15.38,224.2,748.2,407.6,31.1,71.9,616.2,30.6,none,0.0,22.78,350.4
S205,Jersey,16.9,209.8,538.7,348.7,22.1,4.7,678.4,3.0,seaweed,1.5,20.42,345.1
S206,Holstein,14.89,147.2,431.4,202.2,57.6,6.2,585.3,0.0,none,0.0,18.81,280.2
S207,Crossbred,10.67,105.7,168.6,89.8,,2.6,568.2,42.9,seaweed,0.6,15.35,163.8
S208,Holstein,19.46,64.6,265.4,165.9,41.3,60.0,665.5,43.6,none,0.0,18.29,355.9
S209,Holstein,15.61,253.2,294.3,149.2,,7.2,633.1,43.5,none,0.0,15.92,248.4
S210,Holstein,14.76,148.7,615.4,373.9,38.5,93.3,555.7,1.7,none,0.0,22.33,329.7
S211,Holstein,12.32,89.4,691.8,364.3,,93.7,575.3,17.2,none,0.0,20.97,258.3
S212,Holstein,13.96,113.6,708.8,457.9,,54.6,586.7,34.2,other,1.48,21.1,294.6
S213,Other,13.91,177.5,765.5,479.7,23.9,61.7,596.7,0.0,seaweed,2.23,19.66,273.4
S214,Holstein,14.54,83.4,764.0,389.8,29.3,29.2,493.6,3.9,seaweed,1.6,21.65,314.9
S215,Holstein,11.18,242.4,743.9,449.3,53.5,6.4,482.5,27.4,3-NOP,2.44,23.24,259.8
S216,Jersey,14.18,219.5,142.1,,25.8,73.7,521.8,6.4,tannin,2.19,16.62,235.7
S217,Jersey,11.95,210.4,187.1,106.9,29.1,10.2,517.1,0.0,none,0.0,17.3,206.7
S218,Holstein,12.73,143.1,301.0,175.1,,8.6,536.4,10.8,none,0.0,20.46,260.5
S219,Jersey,14.96,188.8,470.6,289.9,28.6,31.1,613.1,2.4,tannin,0.93,20.05,299.9
S220,Holstein,16.05,178.7,159.2,72.4,26.5,1.2,564.9,3.6,seaweed,1.04,14.72,236.3
S221,Holstein,11.83,194.1,670.7,331.3,42.5,43.4,586.8,41.0,nitrate,1.43,20.89,247.2
S222,Crossbred,10.57,61.8,514.2,304.6,34.7,70.8,501.5,0.0,lipid,0.66,20.64,218.1
S223,Jersey,10.76,139.3,463.4,260.8,,80.1,547.3,,nitrate,0.63,19.48,209.7
S224,Holstein,13.62,51.7,205.9,113.1,56.5,60.4,610.2,21.1,none,0.0,16.8,228.8
S225,Holstein,14.05,157.6,266.0,,,84.7,610.7,18.6,none,0.0,19.61,275.6
S226,Holstein,10.87,119.2,202.5,105.2,56.5,40.7,531.5,16.1,none,0.0,18.37,199.6
S227,Holstein,13.52,75.8,674.9,,56.1,84.9,584.7,27.7,nitrate,2.44,20.18,272.7
S228,Other,14.65,66.2,492.0,224.5,53.2,50.6,706.9,15.8,lipid,0.59,19.14,280.4
S229,Holstein,12.82,179.5,595.1,315.0,45.3,22.3,573.9,33.6,lipid,1.04,20.12,258.0
S230,Crossbred,15.14,81.9,295.2,188.6,44.8,94.4,533.4,36.1,none,0.0,19.59,296.5
S231,Holstein,14.72,258.5,346.6,159.5,45.6,27.5,564.6,39.4,lipid,1.76,19.57,288.1
S232,Crossbred,14.79,178.0,369.5,221.7,47.6,2.6,580.5,10.9,seaweed,1.52,20.79,307.6
S233,Holstein,12.64,123.2,612.1,307.0,20.7,24.3,565.9,23.7,nitrate,1.4,20.22,255.6
S234,Holstein,12.02,180.3,620.5,386.8,58.3,36.7,573.1,10.1,seaweed,0.28,20.63,248.0
S235,Holstein,10.5,47.3,234.3,,,35.1,488.4,1.7,none,0.0,18.08,189.8
S236,Holstein,12.87,266.3,736.1,461.6,51.3,52.5,517.2,31.9,none,0.0,21.83,280.9
S237,Other,15.45,154.9,175.4,86.5,35.1,88.3,566.0,24.7,other,1.47,17.34,267.9
S238,Crossbred,15.48,225.2,705.1,392.2,20.5,29.2,565.1,32.6,3-NOP,1.39,21.07,326.2
S239,Jersey,14.47,61.4,161.6,97.9,,52.1,541.0,3.9,3-NOP,1.04,13.44,194.5
S240,Holstein,13.0,155.9,273.7,136.6,,34.0,564.4,44.8,3-NOP,0.71,17.68,229.9
S241,Jersey,14.5,156.8,671.1,333.0,37.5,82.2,578.7,44.7,3-NOP,1.91,21.65,314.0
S242,Jersey,15.23,261.5,215.6,,33.6,15.8,628.4,20.9,lipid,1.32,18.29,278.4
S243,Crossbred,13.92,175.8,375.5,240.9,30.0,10.4,569.0,39.0,none,0.0,18.42,256.4
S244,Jersey,18.03,152.8,400.3,237.0,41.1,50.3,598.9,11.0,none,0.0,17.75,320.0
S245,Crossbred,10.92,104.5,260.5,150.3,35.0,67.2,542.5,33.2,nitrate,2.33,17.45,190.6
S246,Holstein,14.88,119.6,578.1,346.2,,79.6,609.3,0.0,seaweed,1.0,18.52,275.5
S247,Other,16.76,163.8,674.5,375.2,,59.0,597.5,36.7,none,0.0,20.68,346.5
S248,Holstein,13.47,144.7,690.3,376.4,,77.4,626.9,36.5,none,0.0,23.33,314.3
S249,Holstein,14.48,47.1,324.8,175.3,31.8,39.3,617.8,20.8,none,0.0,18.04,261.2
S250,Crossbred,14.46,235.4,455.6,,41.7,3.3,610.3,36.9,none,0.0,20.21,292.4
S251,Holstein,13.89,251.7,262.7,128.8,40.0,11.6,569.1,31.1,none,0.0,14.94,207.6
S252,Holstein,12.35,74.8,260.2,163.3,45.7,3.9,589.7,6.0,none,0.0,16.87,208.3
S253,Holstein,16.86,171.6,203.1,124.4,58.0,32.9,638.8,5.1,nitrate,2.32,16.11,271.6
S254,Holstein,14.4,67.4,735.0,382.2,31.4,49.5,535.9,34.7,lipid,2.27,23.51,338.5
S255,Other,14.19,199.3,699.5,395.7,47.7,35.6,537.3,28.1,lipid,1.35,22.7,322.3
S256,Crossbred,13.34,107.8,623.9,298.4,21.0,56.1,585.9,23.4,3-NOP,1.6,21.87,291.8
S257,Holstein,15.13,196.3,446.6,287.8,30.5,48.1,599.9,40.8,none,0.0,21.54,325.8
S258,Other,11.79,212.1,428.1,269.9,,67.8,525.6,0.0,other,1.18,19.3,227.5
S259,Jersey,13.76,221.9,454.8,288.5,21.2,66.7,570.5,17.8,nitrate,0.59,21.56,296.8
S260,Crossbred,17.46,67.2,459.5,237.3,,31.8,569.4,0.0,seaweed,0.15,18.25,318.7
S261,Holstein,11.2,256.3,389.8,188.6,,34.6,442.1,0.0,none,0.0,17.62,197.3
S262,Holstein,12.26,95.9,183.0,90.1,49.9,58.5,561.8,34.2,none,0.0,18.11,222.1
S263,Holstein,14.41,50.8,178.8,83.7,40.7,59.6,565.6,,seaweed,1.52,14.69,211.7
S264,Holstein,12.11,171.8,743.4,,,31.5,565.4,22.9,seaweed,0.82,22.72,275.1
S265,Crossbred,14.7,128.8,422.2,196.0,,33.0,660.0,0.0,none,0.0,19.34,284.3
S266,Holstein,10.99,236.2,744.0,482.1,21.7,69.4,502.1,31.7,other,1.05,24.21,266.1
S267,Holstein,12.47,231.1,204.7,95.2,,64.7,525.5,37.4,seaweed,0.9,17.04,212.5
S268,Jersey,11.86,116.2,471.7,224.8,,13.5,418.3,0.0,seaweed,1.63,18.75,222.5
S269,Holstein,14.52,265.0,234.9,144.6,59.8,44.1,546.1,0.0,none,0.0,18.12,263.1
S270,Holstein,14.57,110.1,265.9,150.5,20.6,89.3,551.3,23.1,nitrate,1.13,17.53,255.4
S271,Jersey,11.96,162.5,113.5,68.7,42.3,3.6,544.4,3.4,nitrate,2.44,14.48,173.2
S272,Crossbred,15.22,101.9,174.2,,50.0,85.5,641.5,30.6,none,0.0,18.09,275.5
S273,Holstein,16.07,261.0,719.2,450.5,53.1,16.3,626.6,0.0,tannin,1.56,21.71,349.0
S274,Other,13.55,80.5,312.6,180.6,,50.7,579.7,23.6,tannin,0.67,17.82,241.4
S275,Crossbred,13.4,52.5,508.4,281.8,44.8,42.4,552.8,0.0,lipid,0.25,20.1,269.3
S276,Jersey,16.58,143.8,410.6,243.3,47.9,1.0,636.6,13.5,none,0.0,20.53,340.4
S277,Holstein,13.82,274.2,366.5,197.7,54.4,91.5,573.8,9.1,lipid,1.48,18.86,260.7
S278,Crossbred,13.49,250.7,456.3,236.9,24.9,45.5,525.9,15.8,3-NOP,1.09,18.85,254.2
S279,Crossbred,14.19,217.2,220.9,120.1,57.0,95.4,472.0,18.5,none,0.0,16.09,228.3
S280,Holstein,13.46,250.4,768.2,371.8,,28.7,548.5,31.3,none,0.0,22.56,303.6
S281,Other,17.28,251.1,651.9,397.2,53.4,86.6,620.3,38.0,none,0.0,23.11,399.2
S282,Other,18.63,163.4,599.5,301.0,,92.2,711.6,0.0,none,0.0,22.88,426.3
S283,Holstein,12.27,115.9,413.2,198.6,27.8,55.7,578.7,7.8,seaweed,2.31,18.56,227.6
S284,Crossbred,11.57,222.7,197.4,98.6,20.2,20.3,529.1,0.0,nitrate,0.74,17.81,206.2
S285,Holstein,11.35,196.8,721.8,446.4,37.8,68.5,503.9,7.1,none,0.0,23.62,268.1
S286,Crossbred,13.92,129.4,326.2,168.3,33.4,54.9,608.1,30.9,other,1.78,19.83,276.1
S287,Crossbred,11.59,64.1,127.2,74.7,26.6,94.5,469.1,11.2,none,0.0,18.37,213.0
S288,Holstein,16.12,216.7,326.9,203.1,38.0,43.9,608.0,23.6,tannin,2.38,20.03,322.9
S289,Holstein,17.48,103.4,635.6,295.9,36.1,26.9,624.1,35.6,lipid,1.67,20.89,365.2
S290,Holstein,15.49,261.2,518.3,,,13.8,601.2,,lipid,0.65,18.23,282.5
S291,Other,13.38,98.4,605.8,309.9,55.7,69.9,561.8,0.0,tannin,0.6,22.33,298.7
S292,Holstein,12.1,70.7,635.1,313.3,,97.4,608.9,15.0,nitrate,2.32,22.9,277.1
S293,Crossbred,14.74,236.5,237.8,139.8,,2.8,585.3,29.4,none,0.0,18.8,277.1
S294,Holstein,13.25,77.9,723.9,457.5,,74.0,528.3,,none,0.0,24.39,323.1
S295,Holstein,17.43,83.9,392.1,199.6,56.5,92.7,686.0,4.3,3-NOP,0.36,22.04,384.0
S296,Other,17.01,182.3,529.4,298.5,,7.5,553.9,0.0,none,0.0,20.65,351.2
S297,Jersey,17.4,246.6,94.6,,36.3,11.0,621.5,23.1,3-NOP,1.35,15.48,269.4
S298,Holstein,11.92,88.0,771.5,432.7,57.7,69.2,429.9,21.3,none,0.0,21.59,257.5
S299,Holstein,14.85,114.6,284.9,163.6,58.0,64.8,651.6,8.9,lipid,0.99,18.59,276.0
S300,Holstein,15.81,223.9,135.4,77.5,36.4,6.9,663.1,0.0,lipid,0.24,15.27,241.4
S301,Holstein,14.28,269.4,406.0,233.3,46.7,83.4,576.8,15.0,nitrate,2.4,19.71,281.3
S302,Holstein,14.05,159.2,181.1,86.4,38.3,52.3,608.5,12.2,nitrate,2.49,16.79,235.9
S303,Jersey,15.96,75.7,197.0,116.0,50.1,90.7,608.5,25.5,none,0.0,18.4,293.7
S304,Holstein,13.95,45.3,524.8,,21.3,87.8,536.4,20.8,none,0.0,20.95,292.2
S305,Holstein,13.56,95.7,361.4,211.9,25.8,81.3,607.8,,tannin,0.5,20.39,276.6
S306,Holstein,14.96,72.8,722.6,,44.6,51.6,526.5,0.0,tannin,0.47,19.18,286.8
S307,Holstein,13.62,200.6,311.0,167.7,29.3,25.2,538.5,0.0,3-NOP,0.28,18.13,246.9
S308,Other,13.47,70.5,589.0,313.2,46.6,50.6,642.6,4.5,seaweed,1.04,22.12,298.1
S309,Holstein,15.76,160.5,407.9,190.6,,10.1,633.5,35.3,seaweed,0.23,20.87,329.0
S310,Holstein,13.74,204.5,543.7,268.9,,65.9,532.6,44.8,none,0.0,21.8,299.5
S311,Jersey,14.73,178.0,502.6,270.5,,13.4,531.0,38.9,none,0.0,21.75,320.4
S312,Other,12.9,88.7,415.9,249.0,,51.1,536.3,1.1,3-NOP,1.85,19.07,246.0
S313,Crossbred,16.72,230.2,741.9,369.0,,5.4,619.0,11.3,tannin,2.1,21.75,363.6
S314,Crossbred,13.16,209.4,327.1,201.5,30.8,30.0,515.0,2.0,other,1.75,18.77,246.9
S315,Other,12.94,214.9,214.1,,39.8,23.2,596.4,36.9,seaweed,0.58,16.72,216.4
S316,Jersey,13.37,72.7,556.1,334.8,27.9,62.0,619.8,26.2,nitrate,1.94,19.76,264.3
S317,Other,15.93,71.0,670.8,365.3,54.4,78.7,569.7,,nitrate,0.7,21.67,345.1
S318,Holstein,17.68,259.0,120.5,66.3,52.9,5.7,635.6,25.0,none,0.0,14.46,255.6
S319,Crossbred,14.4,135.0,400.1,229.6,,85.0,556.7,11.4,tannin,1.46,20.24,291.4
S320,Crossbred,16.3,112.4,702.6,446.5,55.1,86.1,562.2,27.1,seaweed,0.98,22.39,364.9
S321,Other,14.49,156.3,605.0,331.8,58.4,34.2,516.4,1.4,seaweed,0.3,20.5,297.1
S322,Holstein,16.93,197.1,770.4,428.1,29.1,65.9,636.0,0.0,none,0.0,22.51,381.1
S323,Crossbred,11.86,265.6,456.0,260.1,57.3,40.3,529.0,33.0,lipid,2.36,20.03,237.6
S324,Holstein,17.5,109.0,543.8,324.9,42.8,15.4,596.0,30.3,other,1.7,21.02,367.8
S325,Jersey,15.07,258.4,299.6,139.1,,52.9,570.7,14.9,none,0.0,16.93,255.2
S326,Holstein,12.22,47.8,740.2,409.4,42.4,8.6,511.8,37.2,none,0.0,20.49,250.3
S327,Jersey,12.46,171.9,343.2,187.5,,87.8,538.5,32.2,none,0.0,20.4,254.1
S328,Jersey,16.83,190.4,597.4,379.0,,92.4,658.0,5.8,nitrate,1.85,19.93,335.5
S329,Holstein,12.17,66.8,368.3,,,82.2,587.1,8.8,tannin,0.94,19.96,242.9
S330,Holstein,13.91,74.8,476.7,259.2,,56.3,514.5,28.7,none,0.0,22.05,306.8
S331,Holstein,13.4,140.1,584.6,375.6,39.9,55.8,593.3,13.0,nitrate,0.48,23.05,309.0
S332,Jersey,14.71,268.1,440.6,,55.5,98.5,566.2,5.4,3-NOP,2.44,20.54,302.1
S333,Jersey,17.97,181.5,712.5,346.4,,24.8,750.0,7.0,3-NOP,1.84,22.3,400.6
S334,Crossbred,14.41,260.3,379.4,187.2,40.8,7.6,592.1,,3-NOP,0.74,20.89,300.9
S335,Holstein,12.67,230.2,535.0,250.9,37.1,56.2,552.2,0.0,seaweed,0.99,17.44,221.0
S336,Crossbred,16.26,151.4,326.8,147.1,38.6,32.9,660.2,27.3,seaweed,1.11,17.2,279.8
S337,Jersey,14.45,225.6,371.8,199.4,28.4,32.2,464.5,7.9,none,0.0,19.72,284.9
S338,Holstein,16.59,46.2,393.6,237.6,52.9,0.7,580.7,0.0,3-NOP,2.32,17.34,287.8
S339,Holstein,17.9,67.5,178.9,,27.9,59.6,694.7,12.6,lipid,0.87,18.58,332.6
S340,Holstein,14.16,236.1,155.6,71.0,48.7,26.4,568.0,14.0,seaweed,1.23,15.85,224.5
S341,Holstein,13.04,228.5,548.9,309.6,50.4,18.8,471.0,10.1,lipid,1.52,20.28,264.4
S342,Holstein,15.48,96.4,540.7,260.0,43.0,4.0,551.2,35.3,seaweed,1.04,19.17,296.7
S343,Holstein,15.31,166.2,545.8,348.3,54.5,36.4,662.3,43.2,nitrate,1.31,19.68,301.4
S344,Holstein,14.82,183.8,106.5,51.5,,87.9,597.6,22.2,none,0.0,16.23,240.5
S345,Holstein,10.38,245.1,316.0,181.8,55.3,33.7,524.7,1.9,nitrate,0.5,18.42,191.2
S346,Holstein,15.03,183.1,228.1,117.5,49.2,67.9,533.9,11.7,none,0.0,16.87,253.6
S347,Crossbred,16.63,138.5,624.5,361.1,51.9,75.7,541.4,7.1,none,0.0,23.02,382.9
S348,Holstein,15.04,129.6,680.8,362.5,46.6,32.8,596.7,37.9,none,0.0,22.58,339.6
S349,Holstein,13.19,141.7,261.5,157.4,53.9,82.2,655.3,3.8,none,0.0,19.67,259.5
S350,Jersey,16.87,194.6,549.1,272.4,,69.2,638.1,43.5,lipid,1.88,19.49,328.7
S351,Holstein,13.7,245.0,181.4,114.5,36.8,55.9,602.4,0.0,other,2.38,14.99,205.5
S352,Holstein,11.38,148.2,280.9,154.5,52.6,0.1,495.1,23.3,nitrate,1.2,17.13,194.9
S353,Holstein,13.32,100.0,187.7,112.8,49.8,3.5,495.3,38.1,none,0.0,19.91,265.2
S354,Holstein,15.56,97.4,286.6,177.7,38.1,99.1,607.0,1.2,lipid,1.75,20.2,314.2
S355,Jersey,11.62,216.6,553.8,,,78.2,494.3,35.0,nitrate,1.1,20.38,236.9
S356,Holstein,13.06,233.1,714.8,353.7,35.8,93.8,561.5,5.2,none,0.0,23.56,307.8
S357,Holstein,15.02,66.6,231.3,117.4,42.6,90.2,593.2,0.0,seaweed,0.77,18.69,280.8
S358,Jersey,12.05,57.6,463.2,231.7,,2.0,506.7,23.8,tannin,0.11,17.51,211.1
S359,Other,11.17,181.1,572.1,,29.0,79.2,513.5,2.8,none,0.0,23.05,257.6
S360,Holstein,13.73,76.2,743.8,421.4,,45.1,569.4,37.5,seaweed,1.79,21.61,296.8
S361,Holstein,15.64,235.0,509.7,330.6,35.9,79.0,605.2,1.2,nitrate,1.04,20.52,320.9
S362,Holstein,15.7,114.6,267.2,173.2,35.8,0.7,638.7,6.2,none,0.0,17.21,270.2
S363,Crossbred,13.17,75.7,520.2,288.9,,28.8,611.4,0.0,3-NOP,1.21,21.14,278.4
S364,Crossbred,15.97,257.5,311.9,180.2,39.7,75.1,579.4,20.9,seaweed,1.91,16.98,271.2
S365,Crossbred,9.15,80.7,759.7,472.5,52.2,79.3,530.2,39.7,nitrate,0.39,21.18,193.7
S366,Holstein,12.1,108.6,366.0,233.0,55.8,62.0,510.7,28.6,other,1.76,19.39,234.6
S367,Holstein,12.68,77.9,561.1,275.4,22.8,30.1,544.3,28.1,lipid,1.7,17.94,227.5
S368,Crossbred,15.21,69.0,108.9,,,31.0,599.6,13.2,tannin,0.99,15.57,236.9
S369,Holstein,15.72,46.9,366.2,225.8,,96.7,595.2,6.0,seaweed,2.43,19.94,313.6
S370,Other,12.92,55.0,690.7,352.7,44.6,43.9,449.0,43.3,tannin,2.25,22.49,290.5
S371,Holstein,12.13,82.9,509.8,274.2,,44.7,527.9,4.7,seaweed,0.86,21.13,256.3
S372,Holstein,17.06,54.5,396.2,256.4,,55.2,647.3,23.8,none,0.0,20.04,341.8
S373,Holstein,14.79,180.3,732.2,473.8,38.9,41.0,579.8,12.3,tannin,0.84,25.23,373.1
S374,Holstein,9.68,201.3,676.3,426.9,,55.3,490.0,11.9,nitrate,0.59,21.3,206.2
S375,Crossbred,20.76,134.1,313.1,190.9,40.0,43.2,716.3,26.8,seaweed,1.41,18.12,376.2
S376,Holstein,12.17,116.4,464.9,234.2,38.9,82.7,573.3,35.9,lipid,2.3,19.63,239.0
S377,Jersey,15.58,160.1,427.5,219.8,52.7,90.9,598.1,35.0,tannin,2.19,21.02,327.6
S378,Jersey,15.56,246.8,524.8,293.6,,93.2,599.0,39.1,3-NOP,0.83,20.82,324.0
S379,Crossbred,14.24,241.2,321.2,,33.7,56.4,552.9,13.2,none,0.0,20.62,293.6
S380,Jersey,12.54,52.2,259.8,143.2,52.0,44.2,531.3,21.0,none,0.0,17.12,214.8
S381,Other,18.8,84.5,716.4,413.6,54.1,70.5,702.3,0.4,3-NOP,1.41,23.99,450.9
S382,Crossbred,13.54,97.4,724.0,384.9,26.1,83.8,635.2,33.6,3-NOP,0.25,23.63,320.0
S383,Holstein,15.51,100.4,669.0,401.3,43.3,56.3,624.3,0.0,none,0.0,22.0,341.1
S384,Crossbred,14.39,175.7,761.1,393.3,31.4,70.0,609.6,25.3,none,0.0,23.81,342.7
S385,Other,11.85,139.4,601.8,310.6,49.6,75.0,514.8,7.6,none,0.0,21.96,260.3
S386,Holstein,16.93,53.5,615.3,292.5,29.6,67.6,651.7,0.0,nitrate,1.78,21.83,369.6
S387,Jersey,14.73,129.4,613.8,299.4,,74.6,524.4,36.8,nitrate,1.46,21.29,313.5
S388,Holstein,14.29,164.6,421.3,261.2,30.2,20.9,592.0,39.5,3-NOP,2.02,17.58,251.1
S389,Jersey,13.09,65.8,404.8,218.3,40.4,49.8,476.6,2.1,none,0.0,18.89,247.3
S390,Holstein,11.39,237.0,257.1,127.4,,58.8,452.5,44.7,none,0.0,15.93,181.5
S391,Crossbred,13.51,54.2,533.4,321.0,35.3,0.2,594.1,11.2,none,0.0,20.85,281.7
S392,Holstein,12.77,258.4,290.6,163.0,55.0,85.6,526.5,13.9,3-NOP,0.29,17.12,218.7
S393,Jersey,10.94,65.2,269.1,122.2,,61.0,455.6,11.2,none,0.0,17.84,195.3
S394,Holstein,14.14,239.4,493.2,253.2,55.0,12.9,607.4,0.0,none,0.0,20.4,288.5
S395,Jersey,18.2,253.2,373.0,181.1,26.6,81.6,702.2,24.9,other,1.74,20.37,370.8
S396,Holstein,16.81,271.2,242.5,140.9,52.8,71.7,658.4,0.0,seaweed,2.09,14.93,251.0
S397,Jersey,11.6,229.7,650.4,328.4,21.3,75.8,559.6,17.7,nitrate,0.36,21.98,255.0
S398,Holstein,11.91,224.4,680.8,315.2,35.7,39.2,575.5,29.5,none,0.0,22.45,267.4
S399,Holstein,16.34,192.3,207.5,95.7,54.8,85.4,628.3,37.6,none,0.0,17.92,292.9
S400,Holstein,14.84,224.3,98.1,55.6,,41.4,642.3,31.2,lipid,0.49,17.67,262.1
S401,Other,14.31,73.5,322.6,146.6,,57.1,554.4,26.7,3-NOP,1.46,17.16,245.6
S402,Holstein,15.6,167.4,637.7,395.2,35.5,0.1,577.1,0.0,tannin,1.71,18.21,284.1
S403,Jersey,12.92,162.3,666.2,320.5,52.5,64.5,593.0,0.0,other,0.95,23.05,297.8
S404,Holstein,13.09,242.7,187.5,107.1,48.4,71.8,608.2,0.0,seaweed,2.1,15.86,207.6
S405,Crossbred,16.69,150.3,621.9,335.1,38.7,56.7,567.0,0.0,none,0.0,19.46,324.7
S406,Holstein,14.72,132.1,172.0,92.6,55.7,49.7,567.8,2.6,seaweed,1.6,16.05,236.3
S407,Holstein,15.82,191.7,359.4,,29.2,81.0,657.8,30.0,none,0.0,20.79,328.7
S408,Holstein,14.79,104.4,775.1,473.2,26.8,68.1,647.6,16.6,none,0.0,21.76,321.7
S409,Holstein,14.33,74.7,224.5,141.1,45.7,27.8,603.6,29.3,none,0.0,19.97,286.0
S410,Holstein,15.17,153.8,198.2,89.6,58.9,95.9,678.1,,lipid,2.27,16.69,253.1
S411,Holstein,15.12,139.6,381.8,,29.9,70.7,551.8,20.5,tannin,2.22,19.22,290.6
S412,Holstein,15.64,96.4,516.2,325.6,,98.8,672.4,20.6,none,0.0,19.68,307.9
S413,Other,16.83,128.0,730.2,408.8,25.6,97.1,607.6,2.1,none,0.0,23.31,392.3
S414,Holstein,18.15,127.7,762.9,366.2,,91.9,750.0,19.4,tannin,1.36,23.18,420.8
S415,Other,11.02,118.6,140.6,69.0,29.1,75.5,503.5,0.0,lipid,2.01,15.05,165.9
S416,Holstein,12.7,130.8,187.3,109.0,40.1,60.9,533.6,24.6,none,0.0,20.68,262.6
S417,Holstein,11.07,202.5,633.1,376.7,59.6,17.2,600.1,3.4,none,0.0,20.49,226.8
S418,Holstein,14.79,111.5,277.8,158.3,20.5,54.3,598.8,30.1,lipid,2.25,17.28,255.5
S419,Holstein,17.05,264.0,697.4,446.7,42.3,76.5,692.0,13.9,lipid,0.49,23.74,404.6
S420,Holstein,14.61,256.4,546.1,299.7,40.5,52.1,534.9,0.0,lipid,0.51,22.87,334.1
S421,Crossbred,12.9,154.5,169.4,86.4,52.3,86.8,629.3,7.0,none,0.0,18.85,243.2
S422,Jersey,17.86,118.8,661.6,360.9,34.2,11.0,644.7,22.4,none,0.0,19.84,354.4
S423,Jersey,16.66,167.3,213.5,111.4,36.4,38.1,617.3,14.0,3-NOP,0.99,17.16,286.0
S424,Holstein,14.81,240.6,382.2,,,50.6,517.3,31.2,none,0.0,16.82,249.2
S425,Holstein,16.41,194.7,470.1,,,43.2,659.5,10.8,lipid,2.46,20.69,339.4
S426,Jersey,17.74,230.2,435.0,226.4,,10.9,648.8,34.8,none,0.0,17.05,302.5
S427,Holstein,13.07,166.7,561.6,332.7,25.5,15.4,611.0,12.9,tannin,1.92,19.15,250.3
S428,Holstein,15.75,190.1,538.8,244.4,,83.8,587.3,27.9,lipid,0.9,21.05,331.6
S429,Holstein,13.56,109.4,770.6,414.4,55.7,48.4,588.6,36.0,other,0.38,23.45,317.9
S430,Holstein,11.78,214.0,775.6,448.9,20.1,4.9,570.3,17.4,tannin,1.11,21.88,257.8
S431,Jersey,13.65,89.4,445.7,,32.0,1.6,613.4,2.1,lipid,1.42,20.66,282.1
S432,Holstein,14.43,204.6,158.0,95.7,42.2,47.3,576.9,24.1,none,0.0,17.66,254.8
S433,Holstein,11.87,243.4,590.1,361.2,33.4,16.4,524.1,44.8,3-NOP,1.07,21.1,250.4
S434,Other,13.37,72.9,760.1,450.2,30.9,70.5,512.1,43.6,none,0.0,21.68,289.8
S435,Other,10.53,185.8,310.4,146.1,38.4,79.5,529.9,9.9,other,1.48,20.76,218.7
S436,Holstein,11.52,64.3,408.0,222.4,,22.8,588.3,34.0,lipid,1.84,17.78,204.7
S437,Holstein,16.39,211.8,383.1,,41.2,59.2,573.4,15.5,none,0.0,21.3,349.2
S438,Crossbred,16.05,61.8,128.1,63.9,,15.4,587.9,7.2,none,0.0,18.44,296.0
S439,Holstein,13.55,261.0,552.2,253.2,43.0,30.4,605.0,30.0,3-NOP,1.12,20.76,281.3
S440,Holstein,13.43,74.2,334.3,,23.7,88.9,537.4,22.5,none,0.0,20.41,274.2
S441,Holstein,18.1,266.4,630.8,341.3,,54.4,662.9,24.3,lipid,1.46,17.78,321.9
S442,Holstein,14.6,229.4,661.3,352.4,,88.6,558.9,37.2,none,0.0,22.21,324.3
S443,Other,13.95,180.9,653.9,317.4,50.6,22.5,549.0,0.0,nitrate,0.85,22.57,314.8
S444,Crossbred,16.74,225.1,377.6,232.2,34.4,33.0,603.9,30.0,seaweed,0.51,19.65,329.0
S445,Other,10.52,228.1,312.6,198.6,,47.1,464.8,16.5,3-NOP,1.03,16.56,174.3
S446,Crossbred,13.24,263.4,604.4,296.3,,48.0,527.6,1.9,none,0.0,20.91,276.8
S447,Jersey,15.82,101.3,640.3,407.2,,99.8,633.9,17.0,other,1.5,19.28,305.0
S448,Crossbred,11.36,180.1,428.5,194.4,39.9,11.4,470.8,42.8,tannin,1.13,19.32,219.4
S449,Jersey,15.47,64.2,702.9,446.4,,85.2,642.1,21.7,3-NOP,1.46,20.11,311.0
S450,Holstein,16.75,186.2,191.3,122.5,29.0,86.4,665.7,4.9,3-NOP,1.71,18.55,310.8
S451,Holstein,13.87,82.1,693.4,,49.0,55.3,552.8,31.0,lipid,1.14,23.57,327.0
S452,Holstein,13.24,174.2,158.6,,,34.4,592.5,43.4,nitrate,1.17,15.86,209.9
S453,Holstein,17.26,175.9,197.9,127.4,23.2,51.9,642.1,40.9,nitrate,1.78,17.62,304.0
S454,Holstein,12.21,151.0,457.6,288.8,,29.2,547.0,,tannin,0.25,19.22,234.7
S455,Holstein,15.35,164.3,139.1,89.6,51.9,79.9,627.1,16.9,lipid,1.4,17.24,264.6
S456,Jersey,12.93,220.8,129.1,72.3,,49.8,534.7,26.1,none,0.0,15.16,196.0
S457,Holstein,14.2,229.0,93.4,43.5,47.9,92.6,546.3,36.7,tannin,1.92,17.34,246.1
S458,Holstein,10.0,157.2,391.0,,47.0,62.3,527.0,38.8,3-NOP,2.46,16.64,166.3
S459,Holstein,16.23,182.3,622.1,356.3,41.0,51.4,595.6,36.8,tannin,2.01,19.06,309.2
S460,Holstein,15.1,259.9,116.8,66.9,46.1,71.1,644.5,,other,1.31,16.52,249.4
S461,Other,15.93,70.0,538.5,287.3,56.8,50.4,564.0,5.3,other,0.51,20.36,324.3
S462,Holstein,11.75,69.4,655.2,369.8,24.0,90.5,498.7,,seaweed,1.51,22.06,259.2
S463,Holstein,12.68,62.5,207.7,99.9,,18.4,510.0,7.0,seaweed,2.1,15.13,191.8
S464,Holstein,17.84,195.9,193.3,115.6,22.9,97.3,598.7,2.7,lipid,2.34,19.92,355.4
S465,Crossbred,16.73,140.0,680.9,316.6,57.8,81.2,685.6,22.4,other,2.08,22.62,378.3
S466,Jersey,16.82,223.2,655.2,390.5,37.8,86.1,598.6,29.5,nitrate,0.55,22.54,379.2
S467,Holstein,13.85,199.1,461.1,285.8,47.0,48.3,551.8,38.4,none,0.0,20.07,278.1
S468,Holstein,16.15,120.1,652.5,,53.6,83.7,621.0,35.2,none,0.0,23.48,379.2
S469,Crossbred,14.12,252.2,156.4,86.3,,30.7,560.6,38.6,lipid,1.73,17.04,240.6
S470,Other,15.08,220.4,362.4,185.7,,76.2,552.3,34.2,nitrate,1.75,19.54,294.6
S471,Holstein,11.91,105.3,596.9,384.3,52.0,14.0,517.5,31.6,nitrate,1.3,21.37,254.5
S472,Holstein,15.01,127.2,268.8,,55.5,30.7,659.5,0.5,tannin,1.63,15.26,229.1
S473,Holstein,9.61,115.6,606.8,317.9,22.0,44.6,422.6,0.0,3-NOP,0.81,18.85,181.1
S474,Holstein,15.72,78.9,437.4,212.1,50.2,32.2,622.9,,3-NOP,0.31,19.17,301.4
S475,Crossbred,13.35,76.6,605.4,,34.2,38.7,547.2,2.6,nitrate,2.09,20.58,274.8
S476,Other,14.82,261.1,410.4,222.7,45.9,82.0,550.4,7.0,none,0.0,20.53,304.4
S477,Other,18.87,144.5,344.3,219.8,40.6,25.7,676.5,37.0,tannin,2.16,18.09,341.4
S478,Crossbred,11.84,131.7,242.7,144.9,,74.5,532.2,0.0,nitrate,0.9,18.61,220.3
S479,Holstein,12.25,212.7,235.3,116.0,25.4,7.4,534.2,42.7,lipid,0.32,15.44,189.2
S480,Other,12.03,171.4,606.3,377.0,24.7,76.6,567.2,44.1,none,0.0,21.7,260.9
S481,Holstein,18.04,261.1,174.2,91.6,24.1,79.2,599.8,40.2,nitrate,2.12,15.5,279.7
S482,Holstein,14.17,224.6,151.7,94.1,,40.2,548.5,6.0,none,0.0,17.08,242.1
S483,Jersey,12.73,154.2,213.4,106.3,34.1,72.2,480.6,0.0,none,0.0,15.46,196.9
S484,Holstein,11.07,130.1,212.8,,28.7,91.5,523.1,37.7,3-NOP,0.92,18.14,200.8
S485,Crossbred,16.3,272.9,655.2,416.3,47.7,80.1,651.9,39.2,none,0.0,20.49,333.9
S486,Other,15.25,210.0,365.2,183.2,47.5,39.0,579.5,0.0,lipid,2.0,18.08,275.7
S487,Crossbred,14.67,264.6,769.4,452.9,41.6,48.4,602.1,5.3,lipid,0.66,23.93,351.1
S488,Crossbred,15.6,69.7,186.7,120.9,57.4,77.9,559.3,41.6,none,0.0,17.81,277.8
S489,Holstein,16.85,241.0,539.4,259.0,35.4,29.3,535.4,7.8,lipid,1.52,18.21,306.8
S490,Holstein,15.47,191.1,399.5,186.8,53.4,80.4,675.7,16.6,seaweed,0.12,18.84,291.5
S491,Crossbred,12.56,70.5,361.4,211.3,,32.8,563.7,20.5,tannin,0.16,16.78,210.8
S492,Jersey,12.39,179.7,690.7,357.7,49.6,80.6,548.4,5.6,lipid,2.22,20.36,252.3
S493,Other,18.43,202.5,759.3,352.5,59.5,8.7,640.8,0.9,seaweed,1.65,21.62,398.5
S494,Holstein,14.85,44.9,689.2,375.6,53.9,4.4,531.7,44.7,none,0.0,22.13,328.7
S495,Holstein,13.28,148.3,224.3,134.8,,99.8,539.3,39.4,none,0.0,18.77,249.2
S496,Holstein,14.45,235.1,243.8,123.6,45.1,86.9,575.6,0.0,seaweed,1.11,18.47,266.7
S497,Jersey,13.15,111.1,541.1,279.8,34.1,88.3,575.0,12.8,lipid,2.02,21.02,276.4
S498,Crossbred,16.1,149.3,290.4,179.8,47.2,95.1,590.6,9.9,seaweed,2.35,17.45,280.9
S499,Other,16.94,145.5,594.8,329.5,50.8,43.8,700.5,19.2,3-NOP,0.51,19.66,333.2
S500,Holstein,14.49,112.7,479.9,296.8,59.9,28.7,595.2,20.4,none,0.0,19.2,278.2
S501,Holstein,11.72,256.9,469.3,253.1,39.7,13.0,432.3,0.3,lipid,0.84,17.72,207.7
S502,Holstein,14.58,224.8,658.9,422.1,22.5,50.1,594.6,35.1,none,0.0,20.83,303.7
S503,Holstein,14.08,67.9,578.3,,43.8,22.0,577.3,44.9,tannin,1.09,20.59,289.9
S504,Holstein,14.46,275.3,111.2,,24.8,93.6,577.6,23.8,tannin,2.17,16.61,240.2
S505,Jersey,15.94,247.7,126.8,79.5,29.8,0.4,589.8,0.0,none,0.0,19.45,310.0
S506,Holstein,16.8,108.4,503.9,276.0,33.2,14.3,573.3,17.7,none,0.0,18.14,304.8
S507,Holstein,15.17,237.8,425.1,203.3,49.2,24.6,571.8,4.3,3-NOP,1.73,18.45,280.0
S508,Jersey,16.5,66.9,270.7,,27.4,19.9,611.8,12.0,none,0.0,15.8,260.6
S509,Crossbred,13.26,275.8,378.9,222.6,26.6,22.6,542.5,22.6,tannin,2.0,17.92,237.7
S510,Holstein,11.89,197.8,610.7,280.6,21.8,65.6,518.1,,nitrate,2.36,20.82,247.6
S511,Holstein,19.73,194.1,657.6,333.6,,32.8,750.0,24.5,none,0.0,22.58,445.5
S512,Crossbred,13.56,63.2,476.3,227.7,,61.5,532.0,38.2,seaweed,0.47,19.44,263.5
S513,Crossbred,12.39,251.9,356.2,191.7,21.6,89.0,581.0,10.1,none,0.0,19.17,237.5
S514,Crossbred,11.64,48.8,277.9,148.1,21.1,60.3,485.3,0.0,none,0.0,17.67,205.6
S515,Holstein,14.43,98.4,449.5,249.2,42.3,69.5,582.0,1.7,nitrate,0.29,18.31,264.2
S516,Holstein,12.21,75.5,308.0,155.8,31.3,36.6,519.0,6.0,nitrate,2.39,16.99,207.4
S517,Other,15.93,223.8,478.3,,43.9,16.0,548.5,25.7,nitrate,2.24,18.73,298.4
S518,Holstein,16.66,88.4,555.2,318.0,37.4,32.1,637.7,36.4,none,0.0,20.62,343.6
S519,Holstein,17.14,255.1,138.1,72.5,56.9,96.4,603.3,0.0,seaweed,1.42,17.36,297.6
S520,Other,15.62,195.6,93.7,54.4,31.5,62.2,609.1,28.6,3-NOP,2.31,15.4,240.5
S521,Holstein,11.84,50.5,238.0,112.3,47.2,27.8,468.7,18.1,other,1.67,16.91,200.2
S522,Crossbred,15.73,43.3,704.0,318.7,22.2,45.1,685.2,0.0,tannin,1.68,19.95,313.7
S523,Crossbred,12.61,54.1,534.4,267.0,,83.6,503.5,18.1,lipid,2.12,21.53,271.4
S524,Holstein,16.69,183.8,210.4,113.9,59.2,66.8,666.7,15.0,none,0.0,16.77,279.9
S525,Crossbred,13.86,229.5,701.1,370.7,49.6,56.1,636.3,39.2,3-NOP,1.31,22.86,316.7
S526,Holstein,14.43,97.8,414.0,,38.6,88.5,609.6,21.9,nitrate,1.04,21.39,308.7
S527,Crossbred,12.61,240.8,418.2,219.8,,67.2,523.7,,3-NOP,1.31,19.07,240.5
S528,Other,15.22,55.4,732.0,407.0,52.5,64.3,584.1,13.0,tannin,1.35,21.39,325.7
S529,Crossbred,14.36,229.4,133.6,76.0,,19.0,546.7,6.1,seaweed,0.97,15.67,225.0
S530,Holstein,13.55,259.1,240.0,109.0,28.9,10.6,576.7,41.3,other,1.18,17.42,236.0
S531,Crossbred,14.7,222.7,493.1,272.7,38.0,96.5,560.0,2.3,none,0.0,20.5,301.4
S532,Other,11.04,205.4,226.5,117.6,38.5,59.9,452.7,0.6,lipid,1.1,16.88,186.4
S533,Jersey,11.75,238.1,557.1,297.6,53.1,41.6,642.3,8.2,3-NOP,0.16,21.32,250.6
S534,Jersey,13.53,51.4,239.2,112.4,47.4,58.9,570.1,36.5,3-NOP,0.78,18.14,245.4
S535,Holstein,15.27,89.2,160.7,,45.7,6.2,545.9,23.6,seaweed,0.66,15.49,236.5
S536,Crossbred,11.01,71.2,234.4,,46.0,82.2,541.4,0.0,none,0.0,16.09,177.2
S537,Holstein,15.08,160.1,381.7,173.5,30.8,21.7,596.5,16.1,other,1.18,19.13,288.5
S538,Holstein,15.41,216.4,213.3,121.6,34.9,80.5,521.4,3.1,lipid,0.77,16.84,259.6
S539,Other,9.85,189.4,185.0,111.5,,53.4,439.7,0.0,other,2.05,17.31,170.5
S540,Other,14.99,241.2,680.6,345.0,51.5,27.7,599.4,0.0,other,0.15,21.89,328.2
S541,Other,13.2,78.3,311.8,189.4,,3.0,606.1,1.5,tannin,0.52,15.33,202.4
S542,Holstein,16.52,213.9,339.4,,37.5,81.6,563.0,,3-NOP,2.08,18.59,307.0
S543,Holstein,12.53,87.2,130.7,83.1,29.8,17.6,506.1,3.7,lipid,1.42,16.55,207.3
S544,Holstein,14.58,105.4,337.1,,,5.2,580.3,4.3,none,0.0,18.71,272.8
S545,Holstein,14.21,208.1,273.9,125.6,43.5,75.6,487.1,36.0,lipid,2.11,18.3,260.1
S546,Crossbred,13.83,271.4,510.0,274.9,29.3,35.0,513.4,22.1,seaweed,2.36,16.69,230.8
S547,Jersey,11.94,185.1,233.3,130.5,22.6,38.9,530.0,,tannin,0.25,18.92,225.8
S548,Holstein,14.67,54.8,699.8,335.4,,24.7,625.6,15.7,3-NOP,2.02,21.76,319.2
S549,Holstein,14.57,186.2,728.0,376.5,,85.9,553.2,32.8,3-NOP,1.8,21.08,307.3
S550,Holstein,12.77,51.9,161.2,104.4,35.2,29.7,548.1,3.0,none,0.0,15.61,199.3
S551,Crossbred,14.13,248.9,166.4,75.4,37.3,21.0,692.3,5.2,3-NOP,2.34,16.06,226.9
S552,Crossbred,14.82,208.0,171.8,92.8,52.6,30.9,596.1,0.0,3-NOP,1.07,17.18,254.6
S553,Holstein,12.66,82.5,516.2,319.3,32.8,20.3,595.3,27.3,none,0.0,19.38,245.4
S554,Holstein,16.24,63.5,176.3,90.8,50.3,31.8,552.8,43.8,none,0.0,17.73,288.0
S555,Holstein,13.75,84.9,675.2,368.6,57.6,8.3,539.2,0.0,seaweed,1.36,18.61,255.8
S556,Holstein,9.74,271.3,608.2,,46.4,15.9,443.8,2.9,none,0.0,19.57,190.6
S557,Other,14.78,149.3,652.9,355.8,,41.7,633.1,0.0,lipid,2.29,18.95,280.1
S558,Jersey,12.21,225.5,452.3,215.4,49.9,87.9,601.9,28.7,none,0.0,19.27,235.3
S559,Holstein,12.46,190.9,773.7,356.2,38.3,5.7,564.3,6.3,seaweed,0.11,24.08,300.0
S560,Crossbred,15.69,175.9,123.2,78.7,36.6,21.3,566.8,24.9,none,0.0,18.52,290.6
S561,Holstein,18.83,76.0,367.1,184.7,,90.8,619.2,8.9,seaweed,1.97,18.93,356.4
S562,Holstein,13.13,263.4,314.2,173.1,,89.0,481.7,38.0,seaweed,0.49,17.99,236.3
S563,Jersey,13.35,112.5,740.9,346.9,24.2,67.9,539.6,37.6,tannin,1.54,22.48,300.1
S564,Holstein,12.02,177.3,487.0,260.4,36.6,24.0,506.8,,3-NOP,1.73,19.78,237.8
S565,Holstein,15.6,205.7,643.6,409.4,25.0,42.0,681.3,43.5,seaweed,0.77,19.34,301.7
S566,Crossbred,18.78,193.9,209.3,115.2,,21.1,627.5,44.1,none,0.0,16.22,304.6
S567,Other,10.79,262.1,761.4,490.5,42.3,12.9,442.8,5.8,3-NOP,0.68,23.83,257.0
S568,Holstein,15.28,76.7,433.6,217.6,57.2,38.0,484.2,16.5,3-NOP,2.37,17.44,266.4
S569,Jersey,16.27,161.0,430.2,237.0,21.4,57.6,567.1,27.0,tannin,2.16,18.51,301.0
S570,Holstein,11.06,136.5,756.1,470.2,,36.0,546.7,3.8,3-NOP,0.79,22.38,247.4
S571,Jersey,11.39,153.0,353.0,190.5,38.3,61.1,495.5,17.2,nitrate,1.37,19.08,217.3
S572,Holstein,16.29,69.9,364.5,,20.8,29.6,691.7,11.8,3-NOP,1.3,17.45,284.2
S573,Jersey,14.72,73.4,492.4,305.8,30.0,34.6,593.8,42.8,none,0.0,20.03,295.0
S574,Holstein,15.0,107.1,180.5,95.3,24.7,79.1,603.5,18.5,none,0.0,18.22,273.2
S575,Other,17.83,113.3,312.3,173.7,28.7,87.8,533.5,34.3,none,0.0,21.29,379.7
S576,Crossbred,13.84,142.1,225.0,145.2,31.0,32.2,618.3,17.4,seaweed,2.33,16.03,221.9
S577,Holstein,14.15,185.0,163.5,79.7,36.1,57.2,552.2,5.9,lipid,0.49,16.89,239.0
S578,Crossbred,14.87,190.5,684.6,349.3,41.2,27.8,558.0,38.8,nitrate,1.42,23.38,347.8
S579,Holstein,15.29,138.4,495.5,226.1,20.0,5.3,611.7,0.0,3-NOP,0.35,18.77,287.0
S580,Crossbred,12.1,137.7,338.0,178.6,26.5,73.8,477.3,2.5,none,0.0,17.4,210.5
S581,Holstein,15.2,92.9,372.1,182.4,23.7,17.1,670.8,16.4,lipid,0.98,18.68,284.0
S582,Holstein,14.81,179.7,387.7,227.2,42.0,42.6,585.9,30.9,none,0.0,20.31,300.7
S583,Jersey,17.06,116.2,525.4,255.5,33.2,48.7,651.9,15.4,3-NOP,1.1,20.59,351.3
S584,Holstein,13.25,50.4,726.0,424.7,,18.4,510.5,3.0,lipid,0.43,21.88,289.9
S585,Holstein,13.85,139.9,730.1,367.0,28.9,9.5,519.6,14.3,3-NOP,2.1,19.57,271.0
S586,Holstein,14.75,152.9,360.4,187.8,21.0,34.8,505.3,11.0,none,0.0,18.56,273.7
S587,Holstein,16.16,94.8,317.9,165.2,57.7,95.2,590.0,0.2,none,0.0,20.59,332.6
S588,Holstein,14.58,176.0,401.1,238.0,,61.5,579.0,24.1,tannin,1.9,17.72,258.4
S589,Jersey,11.92,174.4,480.9,261.3,25.1,38.1,547.1,5.2,none,0.0,19.59,233.5
S590,Jersey,11.95,206.3,408.4,213.3,25.9,3.9,514.2,12.9,tannin,1.64,17.98,214.9
S591,Holstein,12.15,193.6,542.9,336.9,59.3,60.0,499.0,28.9,3-NOP,0.19,19.94,242.1
S592,Holstein,14.68,194.7,471.7,266.2,44.7,9.2,572.1,32.6,none,0.0,19.65,288.5
S593,Jersey,12.96,116.0,312.0,153.8,44.4,54.3,547.1,11.9,none,0.0,18.97,245.8
S594,Jersey,11.94,226.3,329.1,207.4,59.5,75.2,533.9,14.8,nitrate,1.87,19.16,228.8
S595,Crossbred,14.91,170.5,351.6,182.3,23.5,42.4,667.8,11.1,3-NOP,0.65,17.28,257.7
S596,Holstein,11.77,143.0,157.6,72.2,59.0,29.9,570.1,43.1,nitrate,0.37,14.5,170.7
S597,Holstein,15.93,188.5,206.4,113.3,28.2,4.7,651.2,8.6,3-NOP,2.38,16.24,258.6
S598,Jersey,11.37,126.4,586.9,278.6,44.9,2.5,543.0,0.0,none,0.0,19.8,225.1
S599,Holstein,13.24,162.0,358.8,178.5,,43.0,589.7,20.0,3-NOP,0.72,20.72,274.4
S600,Holstein,13.7,214.4,239.5,143.6,,88.3,571.7,8.5,seaweed,0.54,20.24,277.3
S601,Holstein,9.82,249.4,477.3,227.3,57.2,24.4,473.1,7.1,3-NOP,0.12,21.99,216.1
S602,Crossbred,17.09,257.5,609.0,,,57.4,660.7,4.3,nitrate,0.85,20.2,345.1
S603,Holstein,15.28,159.9,268.8,171.3,59.9,68.4,566.9,28.8,lipid,2.44,18.65,285.1
S604,Jersey,14.67,163.7,657.7,375.7,35.2,6.1,619.8,27.5,nitrate,0.92,22.08,323.9
S605,Jersey,12.59,229.2,726.5,430.1,,15.3,529.9,29.3,seaweed,1.31,22.31,281.0
S606,Holstein,14.93,115.6,501.0,297.0,,33.1,565.1,34.8,seaweed,1.89,18.73,279.7
S607,Crossbred,12.0,237.9,549.9,356.6,22.3,67.0,523.0,14.7,tannin,1.42,22.37,268.5
S608,Jersey,15.05,157.6,128.9,66.8,56.9,43.9,649.2,41.3,none,0.0,16.45,247.6
S609,Holstein,16.64,69.1,738.8,356.5,42.7,73.4,593.7,33.0,nitrate,1.69,22.89,380.8
S610,Crossbred,16.25,58.9,361.1,200.0,48.2,86.8,597.0,36.2,lipid,1.56,17.41,283.0
S611,Holstein,17.31,239.0,724.0,403.0,,75.8,656.5,32.4,none,0.0,23.65,409.5
S612,Holstein,17.5,55.0,488.4,237.2,,99.2,644.4,0.0,lipid,2.02,20.36,356.2
S613,Crossbred,12.56,107.7,96.2,55.1,,75.4,620.9,12.7,lipid,1.8,16.97,213.1
S614,Jersey,14.27,120.2,119.3,54.0,38.2,85.2,489.7,19.0,3-NOP,2.0,16.65,237.7
S615,Holstein,13.92,82.5,557.7,354.5,26.2,83.2,533.3,4.4,lipid,0.45,21.5,299.2
S616,Other,14.39,115.5,477.3,240.0,29.8,73.0,514.8,20.3,none,0.0,20.31,292.2
S617,Jersey,16.05,215.8,111.1,50.9,,80.2,618.7,1.9,none,0.0,17.76,285.0
S618,Jersey,14.7,45.4,600.8,283.4,21.4,93.5,585.2,0.2,none,0.0,21.67,318.7
S619,Holstein,11.88,235.6,675.0,336.2,48.4,47.5,491.6,41.9,seaweed,2.2,19.23,228.3
S620,Holstein,14.64,242.4,432.1,,60.0,63.8,563.7,31.0,3-NOP,0.83,20.21,295.9
S621,Holstein,11.67,129.1,411.1,187.7,20.3,51.5,485.4,25.3,lipid,0.69,18.34,214.0
S622,Jersey,15.6,77.9,96.7,48.9,,85.1,571.8,15.3,none,0.0,15.15,236.4
S623,Holstein,9.51,182.6,630.3,,47.0,43.1,475.7,25.7,none,0.0,20.22,192.4
S624,Crossbred,14.36,70.0,318.9,167.6,22.4,82.0,606.7,0.0,tannin,1.1,19.13,274.6
S625,Holstein,18.01,127.4,693.2,365.3,43.6,79.9,597.7,29.4,none,0.0,22.52,405.5
S626,Crossbred,16.3,266.3,347.8,180.1,,96.2,689.5,27.1,nitrate,2.26,16.52,269.3
S627,Crossbred,15.29,274.9,478.9,246.9,43.5,24.9,625.9,20.7,3-NOP,1.19,18.84,288.1
S628,Crossbred,12.42,222.7,277.6,129.9,34.6,71.0,549.6,15.6,other,1.77,19.66,244.1
S629,Crossbred,16.11,114.8,202.7,92.2,47.9,75.7,624.1,31.4,tannin,2.01,16.88,271.9
S630,Crossbred,11.17,202.9,622.3,305.2,,93.6,491.1,44.1,none,0.0,21.93,245.0
S631,Holstein,12.65,207.1,432.2,259.9,28.3,90.7,517.3,19.1,none,0.0,21.43,271.2
S632,Jersey,16.15,132.8,459.4,297.8,42.5,57.4,595.0,17.6,none,0.0,20.91,337.6
S633,Other,10.09,192.0,752.4,478.3,55.3,57.9,445.5,19.3,other,1.06,24.07,242.8
S634,Jersey,15.5,44.5,751.1,413.8,46.7,16.7,572.8,19.1,tannin,2.38,18.65,289.1
S635,Holstein,14.08,90.9,677.4,376.9,,97.5,513.8,0.0,3-NOP,1.36,24.41,343.6
S636,Other,16.11,164.9,221.1,113.4,32.9,25.5,581.1,31.8,none,0.0,17.86,287.7
S637,Holstein,12.97,80.3,498.9,301.7,23.4,72.5,510.3,16.2,lipid,0.72,23.46,304.2
S638,Holstein,19.87,80.8,692.8,,29.8,79.6,600.5,16.7,none,0.0,21.68,430.9
S639,Holstein,15.99,237.7,348.8,215.8,20.4,44.1,576.2,19.4,tannin,0.48,16.48,263.4
S640,Holstein,16.96,273.5,162.1,101.9,59.5,21.1,659.0,1.7,nitrate,1.5,16.22,275.2
S641,Holstein,13.07,172.1,646.9,347.3,28.9,18.9,575.4,23.8,none,0.0,20.92,273.5
S642,Holstein,13.08,238.3,422.0,,52.6,85.6,528.9,36.5,seaweed,1.38,20.17,263.7
S643,Other,16.14,273.7,478.5,292.5,26.7,51.1,560.2,29.7,none,0.0,21.34,344.5
S644,Holstein,14.92,75.1,763.8,390.8,31.3,9.0,494.3,8.9,3-NOP,2.14,21.53,321.3
S645,Holstein,17.2,146.9,507.7,322.8,,71.7,599.4,32.8,other,0.97,20.32,349.5
S646,Crossbred,16.44,133.9,383.3,179.7,33.0,25.0,610.4,32.4,tannin,0.44,19.28,317.0
S647,Crossbred,16.2,60.7,345.7,224.3,51.9,87.6,723.2,0.0,lipid,1.15,18.85,305.3
S648,Holstein,14.17,218.7,378.2,228.5,58.3,31.0,537.7,0.0,seaweed,1.27,17.77,251.8
S649,Holstein,12.11,143.5,173.9,81.5,55.0,20.0,558.9,0.0,none,0.0,17.78,215.4
S650,Jersey,11.28,151.8,635.8,369.6,26.1,8.5,540.5,0.0,nitrate,1.36,22.29,251.5
S651,Crossbred,15.05,77.3,665.2,303.9,51.1,51.2,587.7,6.1,seaweed,0.2,23.13,348.1
S652,Jersey,15.73,84.3,287.2,173.5,25.9,45.1,597.9,8.8,none,0.0,17.85,280.8
S653,Holstein,15.65,254.3,300.5,183.3,56.5,75.1,571.8,21.9,3-NOP,1.2,15.71,245.8
S654,Crossbred,16.75,52.4,690.2,393.7,,46.5,640.2,2.0,tannin,0.28,21.89,366.6
S655,Jersey,14.25,96.5,109.4,,,34.4,538.0,18.7,nitrate,1.95,14.91,212.4
S656,Jersey,14.38,110.3,448.5,210.6,26.3,26.2,634.2,35.5,none,0.0,19.22,276.4
S657,Crossbred,15.03,156.7,409.7,207.0,20.5,27.8,607.3,6.7,lipid,1.66,18.04,271.1
S658,Crossbred,12.1,179.2,564.4,300.7,29.9,92.8,574.3,20.7,3-NOP,1.12,21.17,256.1
S659,Jersey,10.9,157.4,204.6,93.8,56.6,16.5,556.1,44.5,none,0.0,15.55,169.4
S660,Jersey,19.13,61.7,549.5,296.5,51.9,98.8,720.6,22.8,none,0.0,19.94,381.4
S661,Jersey,12.02,99.0,350.3,176.2,58.8,32.7,526.0,22.4,nitrate,0.22,19.93,239.5
S662,Holstein,16.13,239.4,515.6,272.5,24.0,8.8,592.9,25.1,3-NOP,0.82,18.38,296.5
S663,Holstein,14.91,191.2,120.4,,43.7,24.9,530.0,8.4,seaweed,2.47,14.97,223.2
S664,Crossbred,16.12,193.9,408.4,255.6,,5.8,682.1,6.6,none,0.0,19.82,319.5
S665,Jersey,16.59,198.8,449.7,226.7,,79.0,628.2,30.5,tannin,1.11,21.15,350.8
S666,Holstein,12.37,220.5,239.4,150.5,,51.3,534.3,17.8,nitrate,0.63,18.52,229.0
S667,Holstein,12.38,55.6,188.4,100.8,,33.7,605.8,0.0,none,0.0,17.25,213.5
S668,Crossbred,14.95,127.8,221.7,114.3,,66.2,590.5,0.0,lipid,0.72,18.51,276.6
S669,Jersey,12.89,168.2,328.0,180.6,27.3,63.1,544.0,38.1,none,0.0,20.37,262.7
S670,Holstein,14.85,121.2,159.1,84.9,38.8,94.0,620.5,0.0,none,0.0,18.01,267.5
S671,Holstein,17.92,239.6,740.0,371.1,46.0,96.1,598.4,33.7,seaweed,1.85,20.3,363.9
S672,Holstein,12.41,154.9,369.6,203.5,25.1,68.1,587.9,0.0,tannin,1.64,18.39,228.2
S673,Other,14.89,221.9,645.5,310.1,57.2,81.8,572.5,,none,0.0,23.02,342.7
S674,Crossbred,13.53,241.4,758.5,394.7,40.2,79.2,600.9,11.1,seaweed,0.38,22.35,302.4
S675,Jersey,16.08,160.1,148.1,83.4,52.8,49.1,588.8,7.0,none,0.0,18.66,300.1
S676,Holstein,14.91,254.8,538.1,286.6,,70.4,578.5,24.0,seaweed,1.47,20.2,301.2
S677,Crossbred,13.98,179.4,688.2,423.1,48.4,7.8,536.5,0.0,tannin,1.75,21.39,299.1
S678,Holstein,15.5,241.0,526.2,263.8,48.6,75.8,676.6,0.0,other,0.53,22.22,344.4
S679,Other,11.65,121.7,386.0,248.6,55.0,96.2,512.0,19.6,3-NOP,1.84,19.03,221.7
S680,Holstein,16.41,158.7,387.4,235.1,44.5,8.5,600.7,20.0,tannin,2.35,18.43,302.4
S681,Holstein,16.55,166.4,117.5,75.6,31.1,83.6,555.8,9.7,seaweed,1.54,17.31,286.6
S682,Jersey,17.73,66.6,458.1,283.0,24.0,93.3,680.6,25.4,none,0.0,18.71,331.9
S683,Holstein,11.67,135.3,771.6,369.1,44.3,22.6,520.8,6.6,none,0.0,22.21,259.3
S684,Jersey,13.78,256.7,747.8,415.2,22.7,52.5,530.9,0.0,other,0.92,23.71,326.8
S685,Crossbred,16.56,189.6,120.6,58.4,,92.8,516.8,5.1,none,0.0,17.18,284.5
S686,Holstein,15.01,83.5,575.1,352.9,,96.0,594.4,21.8,nitrate,0.83,23.33,350.2
S687,Holstein,14.51,121.3,299.1,,,12.8,492.6,14.0,none,0.0,15.79,229.1
S688,Jersey,12.55,86.8,709.7,356.8,26.4,34.9,546.3,20.4,nitrate,1.09,19.93,250.1
S689,Crossbred,11.08,47.8,123.8,78.7,44.4,69.8,445.9,19.5,none,0.0,17.71,196.3
S690,Holstein,15.66,259.0,732.2,346.4,51.6,22.2,589.4,0.0,other,1.32,23.13,362.3
S691,Holstein,14.22,146.9,665.0,374.2,,32.5,545.0,22.0,tannin,1.34,21.24,302.1
S692,Jersey,10.99,114.0,173.3,102.9,32.4,2.3,485.7,36.8,none,0.0,16.75,184.1
S693,Holstein,14.79,182.0,133.9,61.8,,15.4,640.1,0.0,tannin,1.63,16.77,248.0
S694,Crossbred,13.9,43.7,663.1,377.7,42.5,56.2,496.5,15.8,tannin,0.36,20.95,291.2
S695,Jersey,17.36,107.1,199.4,122.3,38.9,65.3,622.8,3.4,none,0.0,16.63,288.6
S696,Holstein,15.59,206.5,458.3,,46.2,64.9,532.9,0.0,none,0.0,20.28,316.3
S697,Crossbred,19.48,190.3,718.5,396.9,28.4,77.8,671.1,30.1,nitrate,1.04,23.78,463.3
S698,Holstein,15.7,271.7,480.6,241.1,59.2,41.5,620.0,37.7,nitrate,1.39,18.32,287.7
S699,Holstein,12.4,187.2,364.3,212.2,23.9,27.3,514.5,25.5,none,0.0,18.32,227.0
S700,Jersey,15.03,153.7,396.9,188.0,53.2,1.6,520.0,28.8,lipid,0.78,18.12,272.3
S701,Other,16.35,220.2,136.1,86.8,43.8,20.7,611.3,8.0,none,0.0,16.67,272.6
S702,Crossbred,12.51,253.4,754.7,474.6,29.8,31.2,559.3,0.0,none,0.0,22.5,281.5
S703,Holstein,12.57,210.6,305.2,148.7,49.8,17.8,564.8,35.6,tannin,0.87,17.06,214.5
S704,Crossbred,17.02,267.4,222.3,114.4,23.4,2.0,651.3,7.5,none,0.0,18.25,310.7
S705,Holstein,12.99,225.0,288.4,163.7,,15.7,530.1,4.1,none,0.0,16.97,220.4
S706,Holstein,14.47,244.8,751.7,446.2,,66.6,580.5,42.2,seaweed,1.74,21.88,316.7
S707,Holstein,17.42,68.7,157.4,84.8,,63.0,632.3,43.4,none,0.0,15.11,263.1
S708,Holstein,16.73,213.4,685.4,,23.2,93.6,623.5,27.7,none,0.0,21.9,366.3
S709,Holstein,16.13,145.0,576.5,271.4,50.0,79.8,565.4,17.0,tannin,1.65,21.88,353.0
S710,Other,11.04,171.4,659.9,428.9,,56.8,557.7,37.5,seaweed,0.87,21.94,242.3
S711,Holstein,12.15,195.1,759.5,411.0,55.6,13.8,470.7,9.2,lipid,2.38,22.78,276.7
S712,Crossbred,13.83,268.9,668.2,417.3,50.5,56.4,511.6,19.3,seaweed,2.45,21.59,298.6
S713,Jersey,12.56,272.4,737.3,,47.9,6.2,594.1,16.1,seaweed,0.39,24.3,305.2
S714,Holstein,13.19,109.4,179.7,114.0,,43.1,566.7,0.0,none,0.0,16.05,211.6
S715,Holstein,13.23,213.7,636.5,297.6,,39.0,579.5,41.4,nitrate,0.6,19.42,256.8
S716,Holstein,15.97,217.5,465.7,220.2,57.9,42.8,637.4,29.3,none,0.0,18.54,296.0
S717,Holstein,15.04,123.1,464.2,295.2,23.7,28.0,503.8,0.0,none,0.0,18.72,281.4
S718,Jersey,17.05,71.0,707.0,452.1,33.0,68.6,560.8,21.7,lipid,1.45,21.28,363.0
S719,Other,13.44,51.6,756.7,388.2,29.4,84.1,586.3,,nitrate,1.12,23.27,312.7
S720,Crossbred,14.11,223.9,574.4,299.3,35.7,76.9,532.8,39.8,tannin,0.75,22.81,321.8
S721,Holstein,17.36,156.6,422.8,228.5,49.7,62.8,660.9,0.0,none,0.0,21.52,373.6
S722,Holstein,16.32,272.6,404.7,215.8,39.0,53.8,629.5,2.4,none,0.0,19.96,325.7
S723,Holstein,15.41,150.8,356.9,174.2,42.8,3.1,592.4,0.0,seaweed,2.32,19.64,302.7
S724,Other,17.52,270.8,340.0,214.1,,72.3,682.7,20.4,nitrate,0.28,18.51,324.4
S725,Holstein,14.66,138.3,360.4,180.4,25.7,54.5,485.1,37.7,3-NOP,1.68,16.46,241.3
S726,Holstein,16.02,227.7,154.3,91.2,,27.1,574.5,3.4,none,0.0,17.71,283.7
S727,Jersey,13.33,61.8,145.9,67.6,54.4,32.8,597.0,36.0,none,0.0,14.24,189.9
S728,Jersey,14.2,172.0,625.7,286.4,,93.6,520.1,1.7,seaweed,1.53,20.56,291.9
S729,Holstein,16.16,229.7,397.7,230.9,35.1,62.4,593.0,1.3,tannin,2.23,19.77,319.6
S730,Jersey,13.19,258.4,728.7,377.3,51.6,47.6,508.6,20.8,none,0.0,22.38,295.1
S731,Holstein,17.11,234.5,511.1,,,62.1,616.4,10.0,none,0.0,20.31,347.5
S732,Holstein,16.24,50.7,117.0,54.9,,41.4,638.5,26.7,none,0.0,14.87,241.6
S733,Holstein,15.08,129.2,200.6,,29.2,47.0,591.3,1.2,none,0.0,17.2,259.4
S734,Holstein,11.78,53.4,233.6,140.1,59.4,29.0,463.8,1.6,seaweed,0.41,18.29,215.4
S735,Other,9.9,67.6,759.4,474.8,48.2,44.0,517.0,32.7,none,0.0,22.78,225.4
S736,Holstein,15.1,200.0,242.4,115.7,44.7,68.6,608.9,9.5,tannin,1.97,16.72,252.5
S737,Crossbred,13.4,208.9,445.3,228.9,,4.0,576.3,29.5,nitrate,1.71,17.26,231.3
S738,Holstein,8.55,223.1,732.4,,27.4,79.5,413.4,0.0,other,1.96,21.95,187.7
S739,Crossbred,18.39,244.5,760.4,423.9,45.4,28.3,649.6,2.7,lipid,1.76,22.82,419.7
S740,Other,15.34,215.0,254.4,129.6,35.2,68.3,583.2,34.6,none,0.0,18.48,283.4
S741,Holstein,13.1,229.4,126.5,58.5,57.0,64.3,525.9,12.1,none,0.0,15.77,206.6
S742,Other,15.02,53.5,197.9,103.7,50.6,65.3,634.7,17.5,none,0.0,14.81,222.4
S743,Jersey,13.8,96.9,136.3,68.3,37.9,60.8,534.3,3.9,tannin,2.18,17.02,234.9
S744,Crossbred,14.83,187.5,226.3,119.3,50.0,95.9,533.7,37.7,none,0.0,17.12,253.9
S745,Holstein,13.67,242.8,481.3,235.6,59.0,50.8,596.5,25.2,3-NOP,0.41,20.78,284.1
S746,Jersey,17.04,43.1,716.2,359.8,38.4,73.2,681.9,22.7,none,0.0,21.85,372.4
S747,Holstein,18.11,162.4,459.9,264.6,45.7,70.5,672.4,43.6,none,0.0,18.97,343.6
S748,Other,12.01,200.5,520.6,274.7,56.7,23.6,596.6,15.1,tannin,0.18,20.22,242.9
S749,Other,14.98,48.9,230.9,,29.9,28.3,602.7,40.1,tannin,2.08,19.81,296.8
S750,Holstein,14.92,135.9,639.8,356.2,55.5,42.4,622.5,32.4,seaweed,1.31,21.84,325.8
S751,Other,12.29,251.6,514.9,311.2,23.9,27.8,499.6,41.8,lipid,0.88,20.14,247.5
S752,Crossbred,14.59,199.2,683.2,359.2,45.9,36.7,613.6,40.9,none,0.0,22.31,325.5
S753,Jersey,13.48,97.6,741.1,420.6,51.3,39.1,531.0,44.6,none,0.0,20.4,274.9
S754,Holstein,17.74,241.6,330.6,212.7,44.6,60.4,594.1,5.9,3-NOP,2.0,16.76,297.4
S755,Holstein,13.55,123.4,154.9,85.9,39.8,22.0,561.4,35.8,tannin,1.28,13.21,179.0
S756,Holstein,15.56,241.7,247.3,156.3,44.7,80.4,605.1,36.2,seaweed,0.46,20.05,312.0
S757,Holstein,17.54,112.0,392.0,238.7,26.1,43.8,582.1,29.0,none,0.0,20.91,366.8
S758,Other,9.17,180.1,738.9,341.2,28.6,70.6,400.0,12.5,other,0.5,23.39,214.6
S759,Holstein,17.37,134.9,351.4,188.3,30.8,8.1,585.7,,none,0.0,18.3,317.8
S760,Jersey,15.35,106.3,619.4,,43.9,47.0,613.5,9.2,3-NOP,0.76,19.31,296.3
S761,Jersey,17.72,249.5,462.1,299.2,,2.8,601.8,22.5,tannin,1.42,18.73,331.8
S762,Jersey,15.35,85.9,217.9,118.0,29.8,67.6,568.8,23.5,lipid,0.6,19.78,303.6
S763,Holstein,17.3,61.8,312.1,146.2,55.3,34.4,673.5,0.0,tannin,0.92,18.18,314.5
S764,Jersey,14.74,122.0,539.1,303.2,35.0,94.9,593.7,32.5,other,1.25,20.58,303.4
S765,Jersey,14.1,209.9,552.6,,37.8,32.4,601.3,0.0,none,0.0,18.4,259.4
S766,Jersey,16.06,230.9,389.9,234.1,36.4,56.4,637.7,31.2,tannin,0.41,20.85,334.8
S767,Holstein,16.26,275.7,249.2,137.4,27.3,25.7,596.8,38.2,nitrate,0.19,17.26,280.8
S768,Crossbred,13.01,111.3,586.1,348.5,49.3,62.0,521.1,15.7,seaweed,0.19,19.1,248.5
S769,Holstein,10.24,137.5,208.3,130.0,,46.7,428.7,0.0,3-NOP,0.94,15.89,162.8
S770,Jersey,13.28,74.0,732.7,421.9,20.7,37.1,546.4,7.1,other,1.83,20.76,275.7
S771,Holstein,17.01,176.5,221.3,126.7,58.6,20.4,620.7,38.1,none,0.0,16.86,286.7
S772,Holstein,15.68,275.4,166.3,99.9,52.6,11.2,553.8,42.8,3-NOP,1.99,15.98,250.7
S773,Crossbred,14.58,206.0,432.9,267.7,48.9,12.0,623.1,6.9,lipid,1.82,18.22,265.6
S774,Holstein,13.6,181.3,447.9,279.4,54.8,99.9,583.9,31.1,lipid,0.11,21.4,290.9
S775,Other,16.88,133.8,440.1,201.2,56.3,41.2,652.3,22.8,other,0.16,19.61,330.9
S776,Crossbred,16.22,256.2,391.2,219.6,33.5,0.2,557.3,23.9,lipid,0.57,19.63,318.5
S777,Holstein,16.8,158.3,772.5,381.0,44.4,95.3,603.1,31.8,none,0.0,23.23,390.1
S778,Holstein,13.26,73.4,425.1,264.5,44.4,2.0,605.4,22.0,lipid,1.38,22.3,295.6
S779,Holstein,16.23,127.5,419.4,243.1,,41.9,665.1,27.0,3-NOP,0.2,18.59,301.7
S780,Other,10.42,57.7,381.1,,,71.7,472.6,10.4,tannin,2.03,18.06,188.2
S781,Jersey,13.29,89.3,138.6,,,91.5,547.5,0.0,3-NOP,1.28,15.64,207.8
S782,Holstein,18.05,46.1,498.0,257.9,46.4,71.3,625.9,38.9,nitrate,1.85,20.02,361.4
S783,Holstein,14.56,148.1,248.7,,,46.4,667.8,4.9,seaweed,1.9,14.76,215.0
S784,Holstein,12.31,190.5,528.5,,50.4,97.4,589.4,26.9,lipid,1.32,21.47,264.2
S785,Jersey,12.69,122.3,127.7,,32.7,3.9,557.4,8.3,none,0.0,13.55,172.0
S786,Holstein,15.94,140.4,763.3,479.0,28.2,98.7,620.4,38.1,none,0.0,23.81,379.5
S787,Holstein,16.61,266.5,413.3,,38.1,84.9,627.1,26.1,3-NOP,0.96,18.0,298.9
S788,Crossbred,14.49,218.0,705.5,,41.9,92.9,553.4,18.1,none,0.0,22.49,325.9
S789,Holstein,16.63,168.6,417.8,212.4,,25.5,594.8,11.2,tannin,0.97,19.67,327.2
S790,Holstein,13.5,108.6,134.2,86.5,55.0,14.2,645.8,19.7,none,0.0,18.82,254.1
S791,Jersey,18.99,251.9,654.6,387.3,56.6,66.3,688.4,43.1,seaweed,1.37,20.13,382.3
S792,Other,15.02,97.0,535.7,,54.0,51.6,619.6,0.0,none,0.0,20.45,307.2
S793,Holstein,15.54,118.1,626.9,320.7,58.6,52.3,577.6,21.1,none,0.0,20.69,321.4
S794,Other,12.31,254.7,385.4,196.5,,92.5,571.8,33.6,tannin,1.93,18.47,227.3
S795,Holstein,15.22,165.9,528.7,242.1,21.9,62.0,608.4,17.1,none,0.0,19.86,302.2
S796,Crossbred,14.56,215.7,677.8,403.8,,31.1,568.1,0.0,none,0.0,22.73,330.9
S797,Holstein,16.39,180.2,524.0,240.3,35.6,40.0,586.4,15.2,none,0.0,19.75,323.8
S798,Crossbred,10.41,194.9,330.5,149.0,,13.3,511.5,6.8,none,0.0,20.7,215.5
S799,Holstein,16.37,112.1,545.5,325.1,26.8,19.2,652.8,32.1,tannin,1.63,20.55,336.3
S800,Other,11.04,98.5,551.9,353.1,,14.3,506.6,39.3,none,0.0,19.02,209.9
S801,Other,14.49,117.5,749.1,450.4,27.8,81.0,549.1,40.8,3-NOP,1.68,22.26,322.5
S802,Holstein,15.69,78.4,346.3,188.5,,70.5,580.9,39.6,tannin,0.51,18.0,282.3
S803,Holstein,19.29,246.6,383.3,,50.4,53.0,694.5,0.0,seaweed,1.84,19.26,371.6
S804,Jersey,12.94,108.3,647.7,348.0,45.6,37.4,549.6,12.8,tannin,1.46,19.4,251.0
S805,Holstein,14.77,173.4,438.4,225.8,47.0,66.8,535.0,28.7,none,0.0,18.28,269.9
S806,Jersey,15.59,227.3,596.1,330.4,33.3,81.3,542.0,43.0,lipid,1.77,20.79,324.2
S807,Jersey,14.4,225.4,407.0,,45.9,88.1,674.5,32.7,3-NOP,2.16,20.06,288.9
S808,Holstein,11.07,144.6,240.2,136.8,,54.7,406.3,22.3,none,0.0,19.2,212.7
S809,Holstein,14.31,153.4,602.0,379.0,57.5,82.0,514.8,31.0,lipid,1.41,23.27,332.9
S810,Other,18.08,274.8,182.6,118.5,32.1,51.1,738.9,,tannin,1.83,17.51,316.6
S811,Holstein,13.45,199.9,228.6,106.5,,47.5,610.5,41.4,tannin,1.09,17.27,232.2
S812,Jersey,14.13,232.6,521.1,274.6,,86.5,508.6,34.3,lipid,1.99,21.76,307.5
S813,Holstein,12.51,253.2,603.4,293.3,,38.6,572.5,19.5,none,0.0,19.74,247.0
S814,Holstein,14.21,226.3,704.1,366.4,38.1,39.6,579.0,,lipid,0.43,19.88,282.4
S815,Holstein,15.58,85.3,279.2,141.7,45.3,30.5,625.8,22.5,tannin,0.67,18.19,283.5
S816,Holstein,18.21,173.5,168.6,81.8,26.4,51.9,685.4,14.8,3-NOP,0.75,15.53,282.8
S817,Jersey,14.02,65.8,746.0,449.7,46.9,54.5,598.3,42.4,none,0.0,22.7,318.2
S818,Holstein,12.54,194.8,198.5,,,66.0,542.6,22.9,none,0.0,17.62,220.9
S819,Jersey,15.7,265.6,228.0,144.5,30.9,43.1,622.2,21.2,lipid,0.56,17.67,277.4
S820,Jersey,14.84,162.0,292.0,133.3,,21.8,533.1,15.7,none,0.0,18.87,280.0
S821,Holstein,16.26,143.3,454.6,,,86.7,513.0,28.8,none,0.0,21.34,347.0
S822,Holstein,9.47,50.4,696.0,369.3,33.3,34.6,469.4,23.4,tannin,0.75,22.12,209.6
S823,Jersey,12.5,266.6,612.5,285.4,,92.3,481.1,5.8,nitrate,1.7,21.22,265.3
S824,Jersey,11.4,66.1,576.7,289.8,,20.7,521.2,39.1,none,0.0,20.71,236.1
S825,Jersey,14.14,51.6,212.6,137.6,27.7,56.0,504.3,16.2,nitrate,1.11,16.58,234.4
S826,Holstein,13.44,99.6,337.3,165.9,41.7,53.7,593.8,19.5,seaweed,2.02,17.54,235.6
S827,Crossbred,11.56,57.3,419.8,205.5,25.2,82.9,503.0,9.3,lipid,2.46,22.84,264.1
S828,Holstein,9.12,148.5,193.7,,47.6,13.9,400.0,24.9,none,0.0,16.86,153.7
S829,Jersey,12.69,162.8,279.8,153.8,57.8,91.0,512.4,0.0,none,0.0,19.2,243.8
S830,Holstein,14.15,115.1,303.6,171.9,37.1,53.1,546.7,,tannin,0.35,17.44,246.9
S831,Jersey,14.19,53.9,179.9,94.5,,58.6,538.7,2.3,none,0.0,18.4,261.2
S832,Holstein,16.65,68.1,468.8,288.5,23.9,51.0,666.2,43.8,seaweed,1.73,20.09,334.4
S833,Crossbred,11.46,132.0,574.5,,,3.6,538.2,31.7,none,0.0,21.22,243.2
S834,Holstein,16.79,56.2,140.8,75.4,48.9,49.7,627.9,,nitrate,1.72,16.65,279.6
S835,Jersey,14.27,205.4,421.6,247.9,50.4,26.4,573.9,0.0,lipid,0.53,20.3,289.6
S836,Holstein,16.05,90.4,627.3,,53.7,34.3,572.5,0.0,lipid,1.18,22.69,364.3
S837,Jersey,12.06,112.7,603.9,316.4,22.3,64.9,524.9,39.4,other,2.02,21.75,262.3
S838,Holstein,11.88,134.2,649.7,,51.1,49.8,571.5,13.1,lipid,2.18,21.39,254.2
S839,Holstein,13.18,139.5,399.1,185.1,,9.3,529.1,20.8,3-NOP,0.67,19.5,257.0
S840,Crossbred,16.57,42.4,653.4,316.3,32.1,7.3,585.2,31.8,3-NOP,1.53,19.6,324.8
S841,Holstein,14.26,68.2,257.4,,,18.6,560.8,39.2,lipid,0.48,16.44,234.5
S842,Holstein,12.66,243.9,339.4,202.2,59.8,19.1,518.3,29.6,lipid,2.4,17.88,226.3
S843,Crossbred,14.56,42.3,213.5,108.4,,60.8,634.5,33.9,other,0.71,15.42,224.5
S844,Crossbred,17.65,160.9,412.3,245.2,53.1,17.8,600.6,0.0,nitrate,1.84,19.61,346.1
S845,Crossbred,12.16,156.5,360.8,167.1,45.6,88.2,548.1,39.5,none,0.0,18.27,222.2
S846,Holstein,13.51,119.9,257.6,,49.4,21.0,583.7,12.4,lipid,1.58,16.67,225.1
S847,Holstein,15.1,142.9,606.5,374.3,48.5,9.1,570.0,5.8,lipid,1.68,20.28,306.3
S848,Crossbred,10.29,224.7,307.4,143.8,,87.6,522.9,43.9,tannin,0.89,18.83,193.7
S849,Holstein,16.39,238.8,279.3,127.0,27.4,29.5,579.2,,lipid,2.07,17.12,280.6
S850,Crossbred,14.38,102.9,182.4,,,42.5,537.7,6.1,seaweed,2.22,15.88,228.4
S851,Holstein,14.31,117.5,392.7,243.8,43.9,95.9,518.3,28.2,lipid,2.15,19.58,280.1
S852,Other,12.78,98.7,299.9,,,94.4,477.6,14.3,none,0.0,18.38,234.9
S853,Jersey,13.6,154.3,345.2,193.2,25.0,71.5,553.5,6.0,lipid,1.89,17.91,243.5
S854,Holstein,13.63,201.9,254.2,136.1,27.4,6.9,609.0,27.1,none,0.0,18.44,251.4
S855,Holstein,13.12,95.4,614.2,374.1,33.3,59.3,533.3,34.2,none,0.0,19.01,249.4
S856,Holstein,16.69,119.4,728.2,398.9,,98.9,726.2,0.0,none,0.0,23.02,384.3
S857,Holstein,16.43,259.7,433.1,238.3,22.3,94.7,628.1,7.0,seaweed,1.54,19.0,312.1
S858,Crossbred,17.54,53.4,532.2,344.7,56.6,10.6,653.3,25.1,none,0.0,20.48,359.3
S859,Holstein,17.78,149.8,685.3,,32.5,39.6,622.7,36.6,other,1.08,20.15,358.3
S860,Holstein,17.71,208.5,775.2,477.6,,31.6,686.2,7.2,seaweed,0.53,21.89,387.7
S861,Holstein,14.58,77.2,512.0,,58.6,13.0,527.8,9.3,lipid,0.77,19.61,286.0
S862,Jersey,10.09,53.1,700.7,382.3,25.7,69.5,421.4,0.0,none,0.0,23.83,240.4
S863,Holstein,12.99,74.3,713.6,447.6,48.6,27.4,548.2,23.6,none,0.0,22.45,291.5
S864,Holstein,15.92,257.0,633.6,369.4,44.0,34.5,608.5,8.8,nitrate,1.98,19.64,312.7
S865,Other,14.02,44.2,407.8,239.4,47.6,9.0,584.1,32.6,tannin,1.42,17.96,251.8
S866,Holstein,15.19,86.1,148.4,74.6,23.8,49.8,591.5,43.3,seaweed,0.16,17.72,269.3
S867,Holstein,14.76,49.3,103.8,,,15.8,654.3,0.0,nitrate,1.99,14.04,207.2
S868,Other,13.63,67.9,418.9,219.2,23.1,43.2,597.9,29.2,lipid,2.28,19.01,259.1
S869,Holstein,16.53,187.1,430.6,,44.2,14.3,622.9,,seaweed,2.21,18.01,297.7
S870,Other,14.3,98.5,371.2,201.4,,95.4,518.6,0.8,other,2.08,19.08,272.7
S871,Jersey,11.25,175.2,481.1,247.9,46.9,14.5,509.3,34.1,nitrate,2.48,22.39,252.0
S872,Jersey,17.8,180.1,470.1,240.3,48.4,52.2,671.8,19.5,tannin,1.51,19.31,343.7
S873,Holstein,13.73,240.8,664.4,332.3,59.4,19.7,581.1,42.6,3-NOP,2.41,21.26,291.8
S874,Holstein,13.46,43.1,167.2,87.5,47.1,7.6,537.6,24.0,none,0.0,15.37,206.9
S875,Holstein,15.57,241.7,246.8,118.5,21.6,20.2,537.7,0.0,none,0.0,17.9,278.7
S876,Holstein,14.61,186.9,634.6,,54.7,5.5,536.1,20.2,nitrate,2.17,21.65,316.3
S877,Holstein,14.51,80.1,672.1,383.4,,13.9,532.5,9.1,tannin,2.0,20.48,297.1
S878,Jersey,15.31,222.9,772.5,,20.2,49.3,498.0,39.5,none,0.0,22.9,350.7
S879,Crossbred,11.07,242.2,689.2,405.8,40.3,65.2,485.0,31.1,tannin,2.25,21.03,232.7
S880,Holstein,12.6,101.5,700.8,434.2,,8.7,563.3,15.4,none,0.0,20.27,255.4
S881,Crossbred,12.4,257.0,307.7,153.1,,44.1,539.4,23.8,none,0.0,19.48,241.6
S882,Other,15.65,148.3,367.3,176.4,39.7,58.1,641.4,30.1,lipid,1.64,18.22,285.2
S883,Crossbred,11.28,183.2,276.1,124.7,27.0,23.4,592.6,0.0,3-NOP,1.87,14.15,159.7
S884,Crossbred,14.46,272.4,507.1,233.0,22.3,37.2,590.9,3.6,none,0.0,22.25,321.7
S885,Crossbred,12.44,126.6,734.2,442.3,23.2,7.2,530.4,,seaweed,2.2,20.0,248.8
S886,Holstein,15.37,232.3,328.4,212.6,49.1,22.0,567.7,0.0,3-NOP,1.83,17.27,265.4
S887,Holstein,15.45,116.5,473.4,217.3,54.6,46.7,596.7,17.8,nitrate,2.4,21.54,332.8
S888,Other,14.55,229.0,295.4,177.1,,99.0,618.0,21.0,other,0.53,18.74,272.7
S889,Jersey,15.12,182.6,209.0,97.0,,99.6,569.4,6.1,tannin,2.38,17.6,266.1
S890,Crossbred,17.08,92.6,226.3,128.6,27.8,98.0,639.7,18.5,tannin,0.25,16.73,285.7
S891,Other,13.23,138.9,132.6,79.7,21.1,42.3,575.5,19.9,3-NOP,1.43,14.07,186.2
S892,Holstein,14.82,116.3,741.4,,42.1,8.1,622.6,4.9,seaweed,0.32,21.69,321.6
S893,Holstein,10.3,60.3,368.2,166.5,48.0,32.4,545.6,,none,0.0,19.1,196.8
S894,Jersey,10.02,49.0,662.7,377.1,45.9,23.8,466.2,27.0,none,0.0,21.85,218.9
S895,Holstein,13.66,123.1,558.3,361.9,35.5,1.4,591.1,17.5,lipid,0.3,19.5,266.4
S896,Jersey,15.57,46.5,224.1,112.4,42.2,9.5,618.5,22.8,3-NOP,1.66,16.41,255.6
S897,Crossbred,13.82,80.7,212.8,103.8,,45.3,609.5,14.1,seaweed,1.85,14.27,197.2
S898,Jersey,14.24,211.7,647.6,307.5,26.2,34.0,600.3,38.4,none,0.0,22.04,313.8
S899,Holstein,12.01,207.7,273.8,153.6,57.3,18.0,554.1,25.9,lipid,1.77,17.53,210.6
